"i","j","P_ij","F_ij"
1,1,0.999999226060276,0.188278888238484
1.1,1,0.999999183563768,0.203179422196473
1.2,1,0.999999138566503,0.219165557324874
1.3,1,0.999999090960668,0.236261857069635
1.4,1,0.999999040623967,0.254493385097389
1.5,1,0.999998987427366,0.273879699171054
1.6,1,0.999998931236978,0.294432509820934
1.7,1,0.999998871914915,0.316154006375966
1.8,1,0.999998809319833,0.33903550208416
1.9,1,0.999998743307588,0.363056444109307
2,1,0.999998673733428,0.388184599349484
2.1,1,0.999998600454795,0.414375933939103
2.2,1,0.99999852330229,0.441552093027966
2.3,1,0.999998442105482,0.469617087518724
2.4,1,0.99999835669207,0.498456681292387
2.5,1,0.999998266886569,0.527936752669549
2.6,1,0.999998172510516,0.55790276857698
2.7,1,0.999998073383145,0.588179695905943
2.8,1,0.999997969322841,0.618572068378809
2.9,1,0.999997860151034,0.648863341749586
3,1,0.999997745709611,0.678808951433958
3.1,1,0.999997625883294,0.708129503123339
3.2,1,0.999997500354588,0.736643704154633
3.3,1,0.999997368818871,0.764154988908748
3.4,1,0.99999723097344,0.790458171064582
3.5,1,0.999997086501604,0.815349833855079
3.6,1,0.999996935068046,0.838632741385436
3.7,1,0.99999677631605,0.860119009520812
3.8,1,0.999996609865348,0.879632433397224
3.9,1,0.999996435311186,0.897009148016949
4,1,0.999996252231282,0.91209031025942
4.1,1,0.999996060195321,0.924718519939097
4.2,1,0.999995858609325,0.934896871271228
4.3,1,0.999995646844035,0.942638079885068
4.4,1,0.999995424222685,0.947967336968385
4.5,1,0.999995190005083,0.950930376998387
4.6,1,0.99999494337737,0.951593852666601
4.7,1,0.999994683440557,0.95004416795718
4.8,1,0.999994409194709,0.946385877185746
4.9,1,0.999994119512056,0.940740336918426
5,1,0.999993813059977,0.933247059139509
5.1,1,0.999993488204184,0.924069950041379
5.2,1,0.999993143849959,0.913357197715143
5.3,1,0.9999927786637,0.901276342044834
5.4,1,0.999992391090066,0.888002434301977
5.5,1,0.9999919793833,0.873711889244492
5.6,1,0.999991541593556,0.858579642151997
5.7,1,0.999991075537577,0.842777450731191
5.8,1,0.999990578750212,0.826473451210234
5.9,1,0.99999004839299,0.809834362248804
6,1,0.999989480967395,0.793040280082585
6.1,1,0.999988871944071,0.776301002957341
6.2,1,0.999988219065257,0.759636234882202
6.3,1,0.999987519362526,0.743105055100992
6.4,1,0.999986769243163,0.726783375124946
6.5,1,0.999985964640116,0.710747062531191
6.6,1,0.999985100994942,0.695068476475127
6.7,1,0.999984173192567,0.679815895018775
6.8,1,0.999983175446851,0.66505465057881
6.9,1,0.999982101083366,0.650851101219808
7,1,0.999980941866224,0.637290133369245
7.1,1,0.999979687102516,0.624491790271951
7.2,1,0.999978331253471,0.612366404267643
7.3,1,0.999976867167566,0.600871997715078
7.4,1,0.999975286254943,0.589992437521595
7.5,1,0.999973578826069,0.579719109572892
7.6,1,0.999971734053357,0.57004702035529
7.7,1,0.999969739827174,0.560973816921559
7.8,1,0.999967582509769,0.552500243976403
7.9,1,0.999965246486773,0.544632599005544
8,1,0.999962712854393,0.537394288866309
8.1,1,0.99995995763436,0.530836077677428
8.2,1,0.999956965886494,0.524868431769352
8.3,1,0.999953719262062,0.519434206589292
8.4,1,0.999950196217147,0.514495866205323
8.5,1,0.999946372557535,0.510023196814763
8.6,1,0.999942221285064,0.505990466883172
8.7,1,0.999937712239322,0.502375466563344
8.8,1,0.999932811539,0.499159361412333
8.9,1,0.999927480642765,0.496327387634022
9,1,0.999921673867797,0.493872810953391
9.1,1,0.999915334981079,0.491799225856395
9.2,1,0.999908421529778,0.490057424593983
9.3,1,0.999900883244095,0.488609010327147
9.4,1,0.999892662060417,0.487423527026797
9.5,1,0.999883692735022,0.486474132125925
9.6,1,0.999873902217067,0.485736514716558
9.7,1,0.999863208613637,0.485188448657227
9.8,1,0.999851519731014,0.484809539768188
9.9,1,0.999838730833343,0.484580897960517
10,1,0.999824719395573,0.484483785403583
10.1,1,0.999809337882212,0.484496156343302
10.2,1,0.999792459104056,0.484606188389926
10.3,1,0.999773935194911,0.484798693285554
10.4,1,0.999753596730072,0.485058517283469
10.5,1,0.999731252946867,0.485371817931871
10.6,1,0.999706689538561,0.485726274617352
10.7,1,0.999679665552795,0.486111110146846
10.8,1,0.999649909321942,0.486517001286451
10.9,1,0.999617112649376,0.486935692757469
11,1,0.999580918570675,0.487357906431688
11.1,1,0.99954090453596,0.487769183974528
11.2,1,0.999496675446032,0.48817539879324
11.3,1,0.999447777976586,0.488577280215323
11.4,1,0.999393696909683,0.488974548518714
11.5,1,0.999333853873527,0.489368013066306
11.6,1,0.999267601073312,0.489759984888317
11.7,1,0.999194213234726,0.490154436560359
11.8,1,0.999112877762705,0.490557171394037
11.9,1,0.999022681911703,0.490976181285681
12,1,0.998922589428708,0.491422993270324
12.1,1,0.998811409271503,0.491912593004329
12.2,1,0.998687942238607,0.492441070765609
12.3,1,0.998550841897467,0.493007897246296
12.4,1,0.998398605719958,0.493616009251681
12.5,1,0.998229571146227,0.494270474135973
12.6,1,0.998041904870781,0.494978187152763
12.7,1,0.997833591189998,0.495747891527197
12.8,1,0.997602420843707,0.496590578163745
12.9,1,0.997345982227797,0.497520781162498
13,1,0.997061663253433,0.498562366610993
13.1,1,0.99674666199876,0.499753959400884
13.2,1,0.996397816045552,0.501065485042665
13.3,1,0.996011725509711,0.502481177635383
13.4,1,0.995584747716755,0.503994350442791
13.5,1,0.995112991909633,0.50560165882126
13.6,1,0.99459232863498,0.507301855082565
13.7,1,0.99401841220804,0.50909553513293
13.8,1,0.993386723844201,0.510985560844331
13.9,1,0.992692659029938,0.512978743384679
14,1,0.991931793300342,0.515093619176504
14.1,1,0.991100279127846,0.5173690333541
14.2,1,0.990192092812554,0.519754935392514
14.3,1,0.989201343170782,0.52222049887346
14.4,1,0.988122289401185,0.524746029215448
14.5,1,0.986949284398273,0.527315278905759
14.6,1,0.985676862041864,0.529913765028187
14.7,1,0.984299884185663,0.532528327216479
14.8,1,0.982813764093696,0.535147367683457
14.9,1,0.981214857892782,0.53776212869289
15,1,0.979501599069494,0.54037269718895
15.1,1,0.977676083004192,0.542995604507369
15.2,1,0.975731777244503,0.545582429363325
15.3,1,0.973663922927195,0.548100383075337
15.4,1,0.97146939455756,0.550525189866431
15.5,1,0.969146200566546,0.55283519108076
15.6,1,0.966693550426256,0.555010059846856
15.7,1,0.964112072548766,0.557030433228216
15.8,1,0.961404187086681,0.558877956116076
15.9,1,0.958574837456605,0.560535752534117
16,1,0.955633966473217,0.561990505088476
16.1,1,0.952599755469544,0.563236280062126
16.2,1,0.949467946575511,0.564251152870144
16.3,1,0.946238470448586,0.565020593311692
16.4,1,0.942914565244709,0.565533798255949
16.5,1,0.939501136137421,0.565781682033203
16.6,1,0.936004528707131,0.56575640973922
16.7,1,0.932432612958402,0.56545123011402
16.8,1,0.928795108947799,0.564860401617735
16.9,1,0.925104422312774,0.563979077748307
17,1,0.921378985201593,0.562802662565536
17.1,1,0.91764730715314,0.561327502696223
17.2,1,0.913902886047796,0.559565057575653
17.3,1,0.910145062887664,0.557527534853039
17.4,1,0.906377209714004,0.555227151684736
17.5,1,0.902604090693323,0.552676718151383
17.6,1,0.898831388926031,0.549889677236516
17.7,1,0.895065672632133,0.546880071091808
17.8,1,0.891314623919281,0.54366250810472
17.9,1,0.887587724025048,0.54025213984952
18,1,0.883899107867749,0.536664605916368
18.1,1,0.88027078773144,0.532916443520833
18.2,1,0.876693366368596,0.529027166904714
18.3,1,0.873163019969852,0.525016975504568
18.4,1,0.869679576269423,0.520906223599589
18.5,1,0.866244085378303,0.516715375064856
18.6,1,0.86285834442779,0.512464957922906
18.7,1,0.85952479036851,0.508175596085998
18.8,1,0.856246557119874,0.503868204308733
18.9,1,0.853027740776781,0.499564593185706
19,1,0.849874587456986,0.495290126565802
19.1,1,0.846796769991901,0.491075841106496
19.2,1,0.843790615090532,0.486919583959077
19.3,1,0.840855229762495,0.482825738069254
19.4,1,0.837991543620458,0.478802771487016
19.5,1,0.835201192546748,0.474860528441053
19.6,1,0.832486242452754,0.471009669008421
19.7,1,0.829849043528006,0.467261618746473
19.8,1,0.827292094549626,0.463628906113195
19.9,1,0.824817840518204,0.460126256550322
20,1,0.82242808634583,0.456775384919756
20.1,1,0.820123395215044,0.453608651107755
20.2,1,0.817910088443064,0.450598484710405
20.3,1,0.815793262172662,0.447729297012602
20.4,1,0.813777150741838,0.444993349311486
20.5,1,0.811865523173401,0.442385892483605
20.6,1,0.810061682119956,0.43990412078417
20.7,1,0.808368339331082,0.437546952723748
20.8,1,0.806787360092317,0.435315316256088
20.9,1,0.805319226500691,0.433213269441965
21,1,0.803961130300883,0.431253037892002
21.1,1,0.802705067173281,0.429458865818115
21.2,1,0.801562952156112,0.427792342516093
21.3,1,0.800541603040751,0.426227894073392
21.4,1,0.799644304724461,0.424748593112414
21.5,1,0.798872470572129,0.423341046469974
21.6,1,0.798225934271641,0.421994265075673
21.7,1,0.797702914918266,0.420699377178051
21.8,1,0.797299729374454,0.419449807727485
21.9,1,0.797010020465524,0.418242133227423
22,1,0.796821647173068,0.41707994137924
22.1,1,0.7967136517,0.415976805523348
22.2,1,0.796699318993302,0.414899225239742
22.3,1,0.796783088385164,0.413824063513829
22.4,1,0.796963476200892,0.412735403728837
22.5,1,0.797236084421971,0.41162064462394
22.6,1,0.797594250057847,0.410469617507431
22.7,1,0.798029153330034,0.409274344413241
22.8,1,0.798529533060234,0.408029143250501
22.9,1,0.799080663928617,0.406731201101293
23,1,0.799659773861044,0.405383150188642
23.1,1,0.800231616982984,0.403995232569722
23.2,1,0.800813957928886,0.402547896664361
23.3,1,0.801411781329389,0.401029453334302
23.4,1,0.802021909743905,0.39943371920224
23.5,1,0.802637652996516,0.39775734806162
23.6,1,0.803249846596887,0.395999177618654
23.7,1,0.803847085520758,0.394160019622935
23.8,1,0.804415413769253,0.392242718942339
23.9,1,0.804937030638405,0.390252619283965
24,1,0.805384307780965,0.388199834832694
24.1,1,0.805713939648091,0.38610157967961
24.2,1,0.805952739235401,0.383949611712626
24.3,1,0.806111551122268,0.381743027181986
24.4,1,0.806191278478104,0.37948557513394
24.5,1,0.806188941732237,0.377183181296258
24.6,1,0.806099018916777,0.374843313798777
24.7,1,0.805913770397845,0.372474768985002
24.8,1,0.805622935931106,0.370087744281685
24.9,1,0.805212366246715,0.367694410120853
25,1,0.804657655632986,0.365311810608674
25.1,1,0.803917741303307,0.362965104660162
25.2,1,0.803025931789074,0.360646342117211
25.3,1,0.801999448230789,0.358356131229031
25.4,1,0.800845620273304,0.356099939752167
25.5,1,0.799568253590226,0.353884972137927
25.6,1,0.798169062293562,0.351719428410893
25.7,1,0.796648079830481,0.349612285941194
25.8,1,0.795003508486208,0.347573414900596
25.9,1,0.793230718942698,0.345614267268582
26,1,0.791317398073304,0.34375126568575
26.1,1,0.789238547709958,0.342009611714383
26.2,1,0.787026358619467,0.340375557411392
26.3,1,0.784701611317542,0.338844620602308
26.4,1,0.782278264438272,0.337417414401538
26.5,1,0.779768315500255,0.336096109087826
26.6,1,0.777182941898056,0.334883629018856
26.7,1,0.774532909372436,0.333783416619867
26.8,1,0.771828662043877,0.332799507306825
26.9,1,0.769080102146472,0.331937080016026
27,1,0.766295258648632,0.331205191693493
27.1,1,0.763478901433607,0.330619860247026
27.2,1,0.760652157649905,0.330165453027194
27.3,1,0.75783336303623,0.329833410364444
27.4,1,0.75503936203027,0.329619011724363
27.5,1,0.752286910634804,0.32951854584216
27.6,1,0.749593055487386,0.329528653693618
27.7,1,0.746975348324962,0.329646094326328
27.8,1,0.744452100228989,0.329867688345686
27.9,1,0.742042988932843,0.330190437723924
28,1,0.739771806884671,0.33061231585443
28.1,1,0.737669233099218,0.33113317182116
28.2,1,0.735732761138853,0.331743071505635
28.3,1,0.733966253750642,0.332433843648744
28.4,1,0.732377416534854,0.333198115144978
28.5,1,0.730975138382306,0.334028433773757
28.6,1,0.72976898087934,0.334917025635529
28.7,1,0.728769124735556,0.335855646840314
28.8,1,0.727986645118227,0.336835400762619
28.9,1,0.72743451086264,0.337846332501098
29,1,0.727132359395618,0.338875726312961
29.1,1,0.72711117518182,0.339906183615441
29.2,1,0.727343311205191,0.340939084086295
29.3,1,0.727812417186996,0.341971244492067
29.4,1,0.728508801644898,0.342996714592698
29.5,1,0.729424677494553,0.344008403622602
29.6,1,0.73055318209298,0.344998393692334
29.7,1,0.731888129693182,0.345957957962081
29.8,1,0.733424119744071,0.346877344113355
29.9,1,0.735157188833393,0.347745032820842
30,1,0.73708808800551,0.348544288052762
1,2,0.999999132846347,0.190535033841148
1.1,2,0.99999908556421,0.206763921536563
1.2,2,0.99999903550356,0.224273340392864
1.3,2,0.999998982518702,0.243112586745565
1.4,2,0.999998926459411,0.263326808654813
1.5,2,0.999998867173353,0.284952304534968
1.6,2,0.999998804507609,0.308013506545385
1.7,2,0.999998738310525,0.332520006189213
1.8,2,0.999998668434688,0.358463213284851
1.9,2,0.999998594743105,0.385811912835745
2,2,0.999998517131198,0.414502361080733
2.1,2,0.999998435555055,0.444424767550185
2.2,2,0.999998349756017,0.475513579532726
2.3,2,0.999998259506746,0.507665933593731
2.4,2,0.999998164602025,0.54074346920441
2.5,2,0.999998064844149,0.574576156270486
2.6,2,0.999997960041824,0.608962195568184
2.7,2,0.999997850012544,0.643667369675821
2.8,2,0.999997734588551,0.678423733196321
2.9,2,0.99999761363128,0.712925395810794
3,2,0.999997487087953,0.746805758151267
3.1,2,0.999997355063726,0.77961186770338
3.2,2,0.999997217076112,0.81116751819824
3.3,2,0.999997072718145,0.841255336995139
3.4,2,0.999996921629158,0.869633144780841
3.5,2,0.999996763450854,0.896058624604339
3.6,2,0.999996597818995,0.920297134820754
3.7,2,0.999996424362772,0.942126051174442
3.8,2,0.999996242709755,0.961336864180474
3.9,2,0.99999605250224,0.977733022483898
4,2,0.999995853469166,0.991107181328181
4.1,2,0.999995645517467,1.00122230260937
4.2,2,0.999995427742514,1.00820412079437
4.3,2,0.999995199306638,1.01216060191671
4.4,2,0.999994959394866,1.01319630464911
4.5,2,0.999994707151341,1.01143399942615
4.6,2,0.999994441662298,1.00701650832124
4.7,2,0.999994161947765,1.00010473744994
4.8,2,0.999993866957379,0.990874347040501
4.9,2,0.999993555571828,0.979511544615105
5,2,0.999993226629932,0.966206024527496
5.1,2,0.999992878964392,0.951149968785793
5.2,2,0.999992510933504,0.93460410144668
5.3,2,0.999992120818891,0.916821471934531
5.4,2,0.999991706793271,0.89804295663508
5.5,2,0.999991266877465,0.878498678406913
5.6,2,0.9999907989171,0.858406976618167
5.7,2,0.99999030056072,0.837973505026655
5.8,2,0.9999897692348,0.817391242451099
5.9,2,0.999989202108025,0.796842912006436
6,2,0.999988596002407,0.776515030780809
6.1,2,0.999987947281068,0.756613365599971
6.2,2,0.999987252738569,0.73716284318194
6.3,2,0.999986508767822,0.718220337893579
6.4,2,0.999985711365541,0.699853996372787
6.5,2,0.999984856152354,0.682128481808171
6.6,2,0.999983938345554,0.665102569785549
6.7,2,0.999982952718226,0.648829268551969
6.8,2,0.999981893545437,0.63335738222131
6.9,2,0.999980754523112,0.61873570123435
7,2,0.999979528561301,0.60503043548515
7.1,2,0.999978207516731,0.592341709766637
7.2,2,0.999976784284807,0.580563003278521
7.3,2,0.999975250889478,0.569635203514164
7.4,2,0.999973598502688,0.55952516444809
7.5,2,0.999971817505962,0.550207866990566
7.6,2,0.999969897446745,0.541662734374206
7.7,2,0.999967826970018,0.533872674295909
7.8,2,0.999965593735833,0.52682433549064
7.9,2,0.999963184321313,0.520510033131568
8,2,0.99996058407743,0.514937536256513
8.1,2,0.999957776958163,0.510138908587238
8.2,2,0.999954746067425,0.506025196307924
8.3,2,0.999951472976491,0.502534847924565
8.4,2,0.999947937611816,0.499622879712888
8.5,2,0.999944118145187,0.497250318637299
8.6,2,0.999939990841255,0.495381720275272
8.7,2,0.999935529891159,0.493984179800463
8.8,2,0.999930707248957,0.493026802341834
8.9,2,0.999925492517438,0.492480320134124
9,2,0.999919853170143,0.492316708262986
9.1,2,0.999913754940702,0.492507299777098
9.2,2,0.999907155246262,0.493019005569584
9.3,2,0.999900008080614,0.493817574252006
9.4,2,0.999892263382352,0.494868969522128
9.5,2,0.999883866188935,0.496139245296707
9.6,2,0.999874756019189,0.49759435118469
9.7,2,0.999864866262155,0.499199819415148
9.8,2,0.9998541235653,0.500920088109368
9.9,2,0.999842447311828,0.502716636442081
10,2,0.999829749831462,0.504539615302224
10.1,2,0.999815936981019,0.506317220180806
10.2,2,0.999800892819488,0.508069345017748
10.3,2,0.999784490129627,0.509794722022931
10.4,2,0.999766588474486,0.511480986537416
10.5,2,0.99974703167002,0.513112828050431
10.6,2,0.999725645674747,0.514673657512377
10.7,2,0.999702236368404,0.516145942253361
10.8,2,0.999676587133204,0.51751071931961
10.9,2,0.999648456215076,0.518745528701944
11,2,0.9996175739758,0.519814387431869
11.1,2,0.999583639917117,0.520655619991783
11.2,2,0.999546315629456,0.521321855717419
11.3,2,0.999505223256222,0.521840587484829
11.4,2,0.999459940643905,0.522226039800705
11.5,2,0.999409995836129,0.522489118786662
11.6,2,0.999354861113771,0.522639458639007
11.7,2,0.999293946420216,0.522685938581741
11.8,2,0.99922659206653,0.522636510558982
11.9,2,0.999152060439453,0.522497121764614
12,2,0.999069525123833,0.522266501307015
12.1,2,0.9989780580023,0.521929572685354
12.2,2,0.998876652860927,0.521528812446854
12.3,2,0.998764188625297,0.521092779900964
12.4,2,0.998639419541502,0.520642726871333
12.5,2,0.99850096588313,0.520197806544902
12.6,2,0.998347302937914,0.519776185828072
12.7,2,0.998176749805958,0.519395417211925
12.8,2,0.997987458855949,0.519072626368422
12.9,2,0.997777407481851,0.51882480284402
13,2,0.997544399902371,0.518670083175214
13.1,2,0.997286077043996,0.518628662388509
13.2,2,0.996999754820424,0.518703012475008
13.3,2,0.996682540178612,0.518897738678135
13.4,2,0.996331324292106,0.519218720124214
13.5,2,0.995942774763875,0.519671878287396
13.6,2,0.995513340182048,0.520262967464642
13.7,2,0.995039264695738,0.520997597783859
13.8,2,0.994516618029407,0.521881490216065
13.9,2,0.993941358058281,0.522921364869147
14,2,0.993309522858327,0.524129266979588
14.1,2,0.992617519142916,0.525527645315582
14.2,2,0.991860145035805,0.527088010192856
14.3,2,0.991032255700824,0.528791895848019
14.4,2,0.990128784145499,0.530625913527436
14.5,2,0.98914471080073,0.532577426146083
14.6,2,0.988075138821636,0.534633638502912
14.7,2,0.986915414045644,0.536781332211359
14.8,2,0.985661301756634,0.539006884075897
14.9,2,0.984309288834442,0.541296689383582
15,2,0.982857444888957,0.543639545361354
15.1,2,0.981306629106545,0.546030601225287
15.2,2,0.979651246855135,0.548439952628897
15.3,2,0.977887057197855,0.550843733200741
15.4,2,0.976011081814954,0.553220266466665
15.5,2,0.974021243077724,0.555547646219669
15.6,2,0.971916427944276,0.557803229840158
15.7,2,0.969696662951151,0.559963441175094
15.8,2,0.967363401778362,0.562003568879866
15.9,2,0.964920081823365,0.563897266607912
16,2,0.96237402140463,0.565614293419903
16.1,2,0.959738923609014,0.567120041928093
16.2,2,0.957011201360816,0.568413697834324
16.3,2,0.95419039998613,0.569490460232494
16.4,2,0.951278527734166,0.570341961440048
16.5,2,0.948278796773967,0.570958529176485
16.6,2,0.945195453939993,0.571329667336196
16.7,2,0.94203384884014,0.571444121368581
16.8,2,0.938800682585069,0.571289585095676
16.9,2,0.935504644037207,0.570851584419494
17,2,0.932158980222103,0.570108116340219
17.1,2,0.928784657888097,0.569025797313036
17.2,2,0.925375545200691,0.567642379659841
17.3,2,0.92192976393018,0.565983846208086
17.4,2,0.918448342863146,0.564068354770123
17.5,2,0.914933222044044,0.561911593777942
17.6,2,0.911386929186241,0.5595278642352
17.7,2,0.907812598113711,0.55693030450596
17.8,2,0.90421419186925,0.554130662910739
17.9,2,0.900597086591591,0.551138351380879
18,2,0.896970385252096,0.547956045180921
18.1,2,0.893349580861545,0.544576013621108
18.2,2,0.88972533128024,0.541045254644481
18.3,2,0.886092668888843,0.537399316054185
18.4,2,0.882449576673826,0.533666323722172
18.5,2,0.878795135441353,0.529871441046584
18.6,2,0.875129224763715,0.526037829054914
18.7,2,0.87145253112528,0.522186940328988
18.8,2,0.867766716784234,0.518338554252031
18.9,2,0.864074834361727,0.514510582370964
19,2,0.860382882919767,0.510718001553471
19.1,2,0.85670151751259,0.506971499366513
19.2,2,0.853025381614437,0.503292344984432
19.3,2,0.849352880267107,0.499697431025223
19.4,2,0.845685121330948,0.496200893304089
19.5,2,0.842024635674961,0.492815336809317
19.6,2,0.838375149348162,0.489552182703072
19.7,2,0.834741568145847,0.48642185277769
19.8,2,0.831130087997946,0.483433930883156
19.9,2,0.827548529520606,0.480597443872575
20,2,0.824007767504055,0.477921966065167
20.1,2,0.820523251859092,0.475417778243129
20.2,2,0.817094924229463,0.47307776989448
20.3,2,0.813726575068816,0.470895961609355
20.4,2,0.810424667142131,0.468867378619401
20.5,2,0.80719699231547,0.46698703850585
20.6,2,0.804052366093463,0.465249784147141
20.7,2,0.801000541063091,0.463650265058644
20.8,2,0.79805227699609,0.462182972704947
20.9,2,0.795219742992135,0.460842355493606
21,2,0.792518612945068,0.459623365773012
21.1,2,0.789970229093046,0.458520949031474
21.2,2,0.78757033409821,0.457518863627137
21.3,2,0.785319531775047,0.456600977409005
21.4,2,0.783221315765866,0.455751777564453
21.5,2,0.781279931382209,0.454955839939556
21.6,2,0.77949988545761,0.454197731135587
21.7,2,0.777885795204576,0.453461959315022
21.8,2,0.776442443294784,0.452732862510125
21.9,2,0.775175212527516,0.451994243863585
22,2,0.774092392445524,0.451227621369158
22.1,2,0.773207484151702,0.450409715249506
22.2,2,0.772504755595524,0.449535704343829
22.3,2,0.771973375986724,0.448595945620928
22.4,2,0.771605164268028,0.44757858819055
22.5,2,0.771392247268229,0.446471382859865
22.6,2,0.771326566011219,0.445262082582746
22.7,2,0.771399740592376,0.443938529351421
22.8,2,0.771603089037448,0.442488497058596
22.9,2,0.771927817519262,0.440898995778132
23,2,0.772365926197093,0.439152807973617
23.1,2,0.772911092418753,0.437224855195076
23.2,2,0.77354568759765,0.435132424726902
23.3,2,0.77425384138437,0.432884484836699
23.4,2,0.775020568221228,0.430485573307593
23.5,2,0.77583088296817,0.427939333818254
23.6,2,0.776669617072376,0.425249239414439
23.7,2,0.777521346300904,0.422418750864675
23.8,2,0.77837029499683,0.419451178967757
23.9,2,0.77920003471308,0.416349077641375
24,2,0.779991978926197,0.413111384962616
24.1,2,0.780723911142644,0.409730952109092
24.2,2,0.781392269702707,0.406236608646063
24.3,2,0.781989706187818,0.402650175439647
24.4,2,0.782506602644229,0.398989215023619
24.5,2,0.782932581577152,0.395269904061685
24.6,2,0.783256792687676,0.391507611827881
24.7,2,0.783467939832694,0.387717048030123
24.8,2,0.783554112664244,0.383912259061389
24.9,2,0.783502164011313,0.380106523075457
25,2,0.783294695838828,0.37631192225319
25.1,2,0.782907048655642,0.372539474078118
25.2,2,0.782351338114671,0.368806508354946
25.3,2,0.78163252783093,0.365129044847779
25.4,2,0.780751407152253,0.361521727387179
25.5,2,0.779707616658918,0.357998277418898
25.6,2,0.778500297414261,0.354571627716145
25.7,2,0.777128290069858,0.351254014809323
25.8,2,0.775590124127088,0.348057120467346
25.9,2,0.773883672517938,0.344992444303533
26,2,0.772004129073586,0.342072998725001
26.1,2,0.769941930594678,0.339315473639946
26.2,2,0.767713728172539,0.33671739967302
26.3,2,0.765332067846836,0.334280467155708
26.4,2,0.762807467132212,0.332008219084151
26.5,2,0.760150587259385,0.329904385499358
26.6,2,0.757372776374588,0.327972577109529
26.7,2,0.754486350046374,0.326216243942072
26.8,2,0.751504866143183,0.324638783611335
26.9,2,0.748443608098469,0.32324394760306
27,2,0.745321284753099,0.32203780741662
27.1,2,0.742161770988623,0.321031062209943
27.2,2,0.738971717951398,0.320211380773254
27.3,2,0.735762716295639,0.319571262722843
27.4,2,0.732549956565294,0.319105616613373
27.5,2,0.729350783966263,0.318809761626638
27.6,2,0.726184467736687,0.318678999116354
27.7,2,0.723072290692901,0.318708464314841
27.8,2,0.720038002254724,0.3188930664719
27.9,2,0.71710921808387,0.319227495520254
28,2,0.714323804376678,0.319706509838191
28.1,2,0.711736338886471,0.320325334444579
28.2,2,0.709326083752789,0.321074746297009
28.3,2,0.707087854381014,0.321945864871518
28.4,2,0.705026196531475,0.32292965976834
28.5,2,0.703149225850615,0.324016561474841
28.6,2,0.701467393908932,0.325196337451705
28.7,2,0.699993290618811,0.326457974819749
28.8,2,0.698742133335784,0.327789462014175
28.9,2,0.697733630747423,0.329177227323132
29,2,0.697000808670036,0.330603733392631
29.1,2,0.696598700796963,0.332044832170358
29.2,2,0.696475798665026,0.333503066036776
29.3,2,0.696602335736406,0.334974617943062
29.4,2,0.696961799201035,0.336451714613588
29.5,2,0.697542194400479,0.337924909927407
29.6,2,0.698334250060551,0.339383532627962
29.7,2,0.699331006007816,0.340815728667099
29.8,2,0.700528127400537,0.342208190725971
29.9,2,0.701925390329851,0.343545195728719
30,2,0.703533836814369,0.344804081672924
1,3,0.999999036078757,0.17871627323025
1.1,3,0.99999898506978,0.19488265124494
1.2,3,0.999998931105106,0.212416696730837
1.3,3,0.999998874027266,0.231387407663589
1.4,3,0.999998813673951,0.251858076726526
1.5,3,0.999998749880276,0.273882454568401
1.6,3,0.999998682480289,0.297501250263152
1.7,3,0.999998611308844,0.322738216561177
1.8,3,0.999998536204636,0.349595393245342
1.9,3,0.99999845701659,0.378046296535008
2,3,0.999998373626802,0.408019487511768
2.1,3,0.999998285979909,0.439376165882938
2.2,3,0.999998193794003,0.472069843271498
2.3,3,0.999998096819345,0.506005431301972
2.4,3,0.999997994828435,0.541041787759286
2.5,3,0.999997887600505,0.576998355284637
2.6,3,0.99999777492021,0.613654806354203
2.7,3,0.999997656579984,0.650749539067362
2.8,3,0.999997532386143,0.687977044752939
2.9,3,0.999997402173947,0.724981068938047
3,3,0.999997265867195,0.76132167058886
3.1,3,0.999997123554136,0.796437213139794
3.2,3,0.999996974699248,0.830150796725166
3.3,3,0.999996818844891,0.862227364210303
3.4,3,0.999996655580099,0.892395660580687
3.5,3,0.999996484494042,0.920381722006564
3.6,3,0.999996305167271,0.945918930113444
3.7,3,0.999996117171241,0.968753313386274
3.8,3,0.999995920074036,0.988645838030592
3.9,3,0.999995713458951,1.00536897212799
4,3,0.999995497005785,1.01867521169218
4.1,3,0.999995270594257,1.02826951087838
4.2,3,0.999995033189761,1.03434052331398
4.3,3,0.999994783833572,1.0370439701918
4.4,3,0.999994521593934,1.03652385532217
4.5,3,0.999994245495728,1.03294207950505
4.6,3,0.999993954503051,1.02648112091746
4.7,3,0.999993647512446,1.01734162110437
4.8,3,0.999993323352388,1.00573816129943
4.9,3,0.99999298079344,0.9918937051427
5,3,0.999992618607989,0.976028887948338
5.1,3,0.99999223564796,0.958357986228139
5.2,3,0.999991829962688,0.939199125005422
5.3,3,0.999991399569574,0.918850408482419
5.4,3,0.999990942408374,0.897588557062516
5.5,3,0.999990456277715,0.875673435096932
5.6,3,0.999989938812692,0.85334775697868
5.7,3,0.999989387470567,0.830836611306464
5.8,3,0.999988799521045,0.808347915261336
5.9,3,0.999988172043565,0.786075450397859
6,3,0.999987501954267,0.764214296266277
6.1,3,0.99998678604496,0.742977280942339
6.2,3,0.999986020458886,0.722381548584463
6.3,3,0.999985201127295,0.702477624918068
6.4,3,0.999984323734346,0.683327610127673
6.5,3,0.9999833836712,0.664989612981991
6.6,3,0.999982376015506,0.647515403854097
6.7,3,0.999981295519689,0.630950759213847
6.8,3,0.999980136611379,0.6153373427023
6.9,3,0.999978893423134,0.600717405847109
7,3,0.99997755995793,0.5871527857554
7.1,3,0.999976130318065,0.57474272163016
7.2,3,0.999974596374038,0.563363505377497
7.3,3,0.999972949771191,0.552943667162517
7.4,3,0.999971181836651,0.543440743267136
7.5,3,0.999969283437904,0.534821865124997
7.6,3,0.99996724495765,0.527059673667278
7.7,3,0.999965056308322,0.520131186640697
7.8,3,0.999962707000258,0.514017967140054
7.9,3,0.999960186344185,0.508708034444395
8,3,0.999957484299831,0.504205892851638
8.1,3,0.999954592640737,0.500541738837663
8.2,3,0.999951493800541,0.497621703967114
8.3,3,0.99994817044129,0.495379869988536
8.4,3,0.999944605055086,0.493767124696006
8.5,3,0.99994077930574,0.49274021205026
8.6,3,0.999936673897998,0.492259052705347
8.7,3,0.999932268585978,0.492285568384394
8.8,3,0.999927542331132,0.492782897163888
8.9,3,0.99992247382293,0.49371449821241
9,3,0.999917043774615,0.495041829920845
9.1,3,0.999911238100291,0.496720499183992
9.2,3,0.999905016964406,0.498722623608432
9.3,3,0.999898341017826,0.501013855769206
9.4,3,0.999891170183215,0.503556427655725
9.5,3,0.999883461668162,0.506310733469709
9.6,3,0.9998751693836,0.509235409198057
9.7,3,0.999866243667973,0.512286968473864
9.8,3,0.999856631268383,0.515418798694105
9.9,3,0.999846275918474,0.518578310285124
10,3,0.999835121898027,0.521694125361962
10.1,3,0.999823119112476,0.524660766933352
10.2,3,0.999810170282526,0.52751582504554
10.3,3,0.999796174560412,0.530264977563877
10.4,3,0.99978102489227,0.532895995176486
10.5,3,0.999764603940932,0.53539110488738
10.6,3,0.999746782253498,0.537729498277711
10.7,3,0.99972741677956,0.539887808884205
10.8,3,0.999706349546882,0.541839324654536
10.9,3,0.999683406706202,0.543550752441761
11,3,0.999658399778907,0.544966632421481
11.1,3,0.999631128047077,0.545991547088739
11.2,3,0.999601335476707,0.546710943076717
11.3,3,0.999568741930202,0.547171361945515
11.4,3,0.999533038614713,0.547397614078088
11.5,3,0.999493882002573,0.547408168854865
11.6,3,0.99945088909318,0.54721828936003
11.7,3,0.999403632485235,0.546840773131372
11.8,3,0.999351634908143,0.54628554830912
11.9,3,0.999294362694488,0.545557621292748
12,3,0.99923121548764,0.544647269004577
12.1,3,0.999161513282618,0.543518985517347
12.2,3,0.999084545830693,0.542249467954225
12.3,3,0.998999519179603,0.540888975276072
12.4,3,0.99890554930667,0.539472621597945
12.5,3,0.998801656747436,0.538030216807583
12.6,3,0.998686758109582,0.536588364838934
12.7,3,0.998559656418134,0.535171108294707
12.8,3,0.99841903024783,0.533800047397446
12.9,3,0.998263420287594,0.532494074674457
13,3,0.998091203830535,0.531267829738094
13.1,3,0.99790056097458,0.530129836496492
13.2,3,0.997689672131658,0.529104401319101
13.3,3,0.997456546732955,0.528209775886634
13.4,3,0.997199023366816,0.527460237170575
13.5,3,0.99691477808217,0.526867803899311
13.6,3,0.996601326088555,0.526442701422186
13.7,3,0.996256024755243,0.526193606915821
13.8,3,0.995876080034232,0.526127907584679
13.9,3,0.995458558806651,0.526252291817911
14,3,0.995000417058355,0.526575429428163
14.1,3,0.994498541031003,0.527111371177326
14.2,3,0.993949576000275,0.527842728185642
14.3,3,0.993350109722244,0.528757472910141
14.4,3,0.992696702084488,0.529845619812212
14.5,3,0.991985915373868,0.531096602825383
14.6,3,0.991214360767524,0.532498752281616
14.7,3,0.99037875671156,0.534039150677283
14.8,3,0.989476004674144,0.535703635050144
14.9,3,0.988503303613337,0.537477002812586
15,3,0.987458436410873,0.539344254676889
15.1,3,0.986340161708535,0.541293368849988
15.2,3,0.985145390600886,0.54330065532422
15.3,3,0.98387161378985,0.545345303784416
15.4,3,0.982516889492123,0.547406646397383
15.5,3,0.981079746402562,0.549462891937631
15.6,3,0.979559214787173,0.551490874021816
15.7,3,0.977954888355374,0.553465929129407
15.8,3,0.976267018292653,0.555361674393657
15.9,3,0.97449669273254,0.557149331343604
16,3,0.972646465744227,0.558794538761359
16.1,3,0.970721191687208,0.560255931962389
16.2,3,0.968719973718516,0.561537030170166
16.3,3,0.966643041629374,0.562634848022989
16.4,3,0.964491489759731,0.563541259240293
16.5,3,0.962266810773494,0.564246210694572
16.6,3,0.959970795166116,0.564738412701708
16.7,3,0.957605506940776,0.565005466396805
16.8,3,0.955173312220905,0.565033554571459
16.9,3,0.952677015499081,0.564806180171472
17,3,0.950120525217314,0.564298032439355
17.1,3,0.947509697033463,0.563470351705724
17.2,3,0.944842829367215,0.562364923255379
17.3,3,0.942119092503227,0.56100976352358
17.4,3,0.939338139059807,0.559423838483377
17.5,3,0.936499534062714,0.557623197017534
17.6,3,0.93360264069459,0.555622207113173
17.7,3,0.93064659974245,0.553433809699684
17.8,3,0.927630355280272,0.5510692529788
17.9,3,0.92455273074201,0.548536995085601
18,3,0.921412681623774,0.545837604145881
18.1,3,0.918209595804573,0.542959394020261
18.2,3,0.914940339541539,0.539953604483599
18.3,3,0.911602056093246,0.536858168165425
18.4,3,0.908192076117034,0.533702401200482
18.5,3,0.904707786086363,0.530512133294121
18.6,3,0.901146651405131,0.527310789026915
18.7,3,0.897506278872438,0.524119686397997
18.8,3,0.893784503067299,0.520958000788006
18.9,3,0.889979490816984,0.517842351467365
19,3,0.886089857206992,0.514784776804953
19.1,3,0.882114787319401,0.511790453538663
19.2,3,0.878054181875254,0.508886139679879
19.3,3,0.87390875338593,0.506091451631907
19.4,3,0.869680139481389,0.50342142411562
19.5,3,0.865371016652408,0.500888659864207
19.6,3,0.860985224268995,0.498503841861333
19.7,3,0.856527920308537,0.496275910647017
19.8,3,0.852005813835959,0.49421208660983
19.9,3,0.847427613784492,0.49231773291319
20,3,0.84280558674058,0.490595634998654
20.1,3,0.838157279899683,0.489044377920209
20.2,3,0.833485419016552,0.487665997409391
20.3,3,0.828797119420586,0.486458346575851
20.4,3,0.824102903504967,0.485416792945577
20.5,3,0.819415490012617,0.484534974654689
20.6,3,0.814749615608942,0.483804960447039
20.7,3,0.810122108655038,0.483217236118054
20.8,3,0.805552225865898,0.482760505505082
20.9,3,0.801062662372311,0.482421067194627
21,3,0.796684101703952,0.482180070884688
21.1,3,0.792460065287201,0.482009724332753
21.2,3,0.788381675524191,0.481908881976861
21.3,3,0.784450525196313,0.481867365890357
21.4,3,0.780674964441153,0.481869715503405
21.5,3,0.777065867641503,0.48189787480802
21.6,3,0.773635788153166,0.481931741242763
21.7,3,0.770398833042107,0.481949216310586
21.8,3,0.76737104547059,0.481925826556236
21.9,3,0.76457184980537,0.481833351827995
22,3,0.762030909489372,0.481633314161651
22.1,3,0.759795098710629,0.481269754023016
22.2,3,0.75782866990525,0.480761708384691
22.3,3,0.756111529544075,0.480110715643959
22.4,3,0.754633067471266,0.479308184325309
22.5,3,0.753385535703446,0.478341991041631
22.6,3,0.752362723779545,0.477197902294011
22.7,3,0.75155969462988,0.475859913423335
22.8,3,0.750973099383566,0.474309890916126
22.9,3,0.75060246285958,0.472525850642719
23,3,0.750456198354351,0.470473342006975
23.1,3,0.750557493277387,0.46809692772717
23.2,3,0.750857174760902,0.465446856074209
23.3,3,0.751320942292235,0.462551113061218
23.4,3,0.751923578863733,0.459424716220213
23.5,3,0.752643016902111,0.456078599656401
23.6,3,0.75345911080514,0.452521493115444
23.7,3,0.754353316359222,0.448760405713942
23.8,3,0.755308762573887,0.444800391342204
23.9,3,0.756310784693433,0.44064318668571
24,3,0.757349465684933,0.436280423396968
24.1,3,0.758422081705663,0.431687615309654
24.2,3,0.759496301503403,0.426925074873057
24.3,3,0.760547199230326,0.422034481517572
24.4,3,0.761554635658619,0.417046053159581
24.5,3,0.762500628910929,0.411985659070797
24.6,3,0.763368729999714,0.406876358744545
24.7,3,0.764143774041924,0.40173887634508
24.8,3,0.764811741420255,0.396591644679733
24.9,3,0.765359592701749,0.391450398480739
25,3,0.765774673899745,0.386325871755565
25.1,3,0.766044127338838,0.381222261702432
25.2,3,0.766163132223619,0.376173646139418
25.3,3,0.766126532555579,0.371206504064081
25.4,3,0.765929328947671,0.36634195832437
25.5,3,0.765567173072536,0.361598417872983
25.6,3,0.765036423964444,0.356992269858793
25.7,3,0.764334134640266,0.352538218901366
25.8,3,0.763458000354324,0.34824955968453
25.9,3,0.762406180027295,0.344138594832514
26,3,0.761176329434273,0.340218105947897
26.1,3,0.759764626136774,0.336503279587737
26.2,3,0.758180664113495,0.332993604854592
26.3,3,0.75643279048088,0.329691643082193
26.4,3,0.754529112118058,0.326601107510721
26.5,3,0.752478533942063,0.32372559269278
26.6,3,0.750291019035717,0.321068411268982
26.7,3,0.747977747286693,0.318632653885995
26.8,3,0.745551326391132,0.316421407331575
26.9,3,0.743026246967723,0.31443835184576
27,3,0.74042064432578,0.312690409471958
27.1,3,0.737758094275722,0.311190673979047
27.2,3,0.735043671411119,0.309921545144418
27.3,3,0.732287646375949,0.30887208732536
27.4,3,0.729503989679389,0.308034946621145
27.5,3,0.726708779332431,0.307403719648439
27.6,3,0.723919906579602,0.3069724124602
27.7,3,0.721157108973496,0.306735292489438
27.8,3,0.718442345935716,0.306686909102399
27.9,3,0.715801039218121,0.306822349292366
28,3,0.713267842063194,0.307138633697845
28.1,3,0.710892468619656,0.307636215368002
28.2,3,0.708656138574839,0.308298267155615
28.3,3,0.706554138333142,0.309111241462849
28.4,3,0.704590479241752,0.310063318659929
28.5,3,0.702772276161646,0.311142939115924
28.6,3,0.70110860903184,0.312338462128194
28.7,3,0.699610328437967,0.313638011195665
28.8,3,0.698290483582104,0.315029326795997
28.9,3,0.697165987617905,0.316499472717569
29,3,0.696265526487718,0.318033664307843
29.1,3,0.695637378244824,0.319613874088954
29.2,3,0.695234302850049,0.321234442195089
29.3,3,0.695028335620151,0.322886570238382
29.4,3,0.695003211822642,0.324559565039404
29.5,3,0.695146566641187,0.32624192527429
29.6,3,0.695448352068491,0.327921546610483
29.7,3,0.695900494850807,0.329585715311897
29.8,3,0.696497206159641,0.331220897163983
29.9,3,0.69723633513881,0.332812017634626
30,3,0.698125750638591,0.334339073512187
1,4,0.999998923580737,0.149147723993243
1.1,4,0.99999886954814,0.163109538266799
1.2,4,0.999998812455448,0.178327897565435
1.3,4,0.99999875216297,0.194877781478457
1.4,4,0.99999868851454,0.212830997242626
1.5,4,0.999998621345845,0.232252669253389
1.6,4,0.999998550486216,0.253198014535026
1.7,4,0.999998475759284,0.275708674097021
1.8,4,0.999998396983353,0.299808202701364
1.9,4,0.999998313971984,0.325495632141523
2,4,0.999998226536173,0.35273043369622
2.1,4,0.999998134487146,0.381411839779178
2.2,4,0.999998037607328,0.411518180681562
2.3,4,0.999997935676217,0.442983544761004
2.4,4,0.999997828469217,0.475698892800313
2.5,4,0.999997715755934,0.509516863634589
2.6,4,0.999997597299922,0.544250452847872
2.7,4,0.999997472858974,0.579670660990004
2.8,4,0.999997342186409,0.615503105389127
2.9,4,0.999997205035431,0.651420734905072
3,4,0.999997061179881,0.687012238618391
3.1,4,0.999996910440832,0.721744993442168
3.2,4,0.999996752390651,0.755436330895789
3.3,4,0.999996586613437,0.787845373962304
3.4,4,0.999996412691134,0.818692818559929
3.5,4,0.999996230183866,0.847692169093857
3.6,4,0.999996038624159,0.874559528977874
3.7,4,0.999995837513917,0.899019143118886
3.8,4,0.999995626323163,0.920806232127045
3.9,4,0.99999540449248,0.939664427000493
4,4,0.999995171454562,0.955316190839769
4.1,4,0.999994926662342,0.967436301880083
4.2,4,0.999994669239784,0.976165553481835
4.3,4,0.999994398283497,0.981617068423014
4.4,4,0.999994112842562,0.983896598467554
4.5,4,0.999993811891346,0.983131264240574
4.6,4,0.999993494318157,0.97947238233352
4.7,4,0.999993158916409,0.97309330142705
4.8,4,0.999992804376102,0.964185415475699
4.9,4,0.999992429274405,0.952952868115841
5,4,0.999992032061294,0.939602626491245
5.1,4,0.999991611042876,0.924340755552752
5.2,4,0.999991164453687,0.907470109792235
5.3,4,0.999990690373663,0.889279623861035
5.4,4,0.999990186720318,0.870041703040649
5.5,4,0.999989651241802,0.850015384250478
5.6,4,0.999989081505563,0.82944538051751
5.7,4,0.999988474885863,0.80856112702595
5.8,4,0.999987828550269,0.787576909934869
5.9,4,0.9999871394433,0.766694846363058
6,4,0.999986404253936,0.74612143976022
6.1,4,0.999985619376611,0.726084932623682
6.2,4,0.999984781194309,0.70660032416809
6.3,4,0.999983885811884,0.687720512425645
6.4,4,0.999982929058779,0.669512720737788
6.5,4,0.999981906499158,0.652041217067833
6.6,4,0.999980813431235,0.635364493082995
6.7,4,0.999979644889985,0.619535428925461
6.8,4,0.99997839566143,0.604603188384523
6.9,4,0.999977060328511,0.590618247192655
7,4,0.999975633464861,0.577653129702615
7.1,4,0.999974109897146,0.565821800937254
7.2,4,0.999972482188158,0.554993701488996
7.3,4,0.999970742843779,0.54509543395794
7.4,4,0.999968884234715,0.536085488504493
7.5,4,0.99996689846908,0.527932931003101
7.6,4,0.999964777394283,0.520612887990077
7.7,4,0.999962512644962,0.514105300640584
7.8,4,0.999960095753906,0.508395161088043
7.9,4,0.999957518421512,0.503474774252415
8,4,0.999954773553521,0.499355437391902
8.1,4,0.999951856654272,0.49607827402344
8.2,4,0.999948752518602,0.493540900544942
8.3,4,0.999945446793872,0.491673152994372
8.4,4,0.99994192552996,0.490424216807736
8.5,4,0.999938174430946,0.489749989340007
8.6,4,0.999934178740544,0.489610022746934
8.7,4,0.99992992328814,0.489966244035835
8.8,4,0.999925392695579,0.490782211576698
8.9,4,0.999920571965937,0.492022469696883
9,4,0.999915448951874,0.493651403238149
9.1,4,0.999910017677353,0.495630576532833
9.2,4,0.999904245360087,0.497924333277619
9.3,4,0.999898100812184,0.500493452770651
9.4,4,0.99989155315176,0.503297053338845
9.5,4,0.999884569742095,0.506293013743483
9.6,4,0.999877115645155,0.509437804278032
9.7,4,0.999869153388541,0.512686062043527
9.8,4,0.999860642958937,0.515989618648762
9.9,4,0.999851542284017,0.51929479077389
10,4,0.999841810156948,0.522530149067062
10.1,4,0.999831410276562,0.525591785528344
10.2,4,0.99982026757141,0.528512649867511
10.3,4,0.999808304858806,0.531295406315443
10.4,4,0.999795440567871,0.53392591336468
10.5,4,0.999781585339625,0.536385046177517
10.6,4,0.999766640484074,0.538651090495573
10.7,4,0.999750496666398,0.540700194609899
10.8,4,0.999733032564366,0.542505601981503
10.9,4,0.999714113375165,0.544034491155441
11,4,0.99969358892347,0.545232683651162
11.1,4,0.999671291434731,0.546007188773783
11.2,4,0.999647037651377,0.546443181518337
11.3,4,0.999620622954481,0.546587834289103
11.4,4,0.999591818801808,0.54646725606587
11.5,4,0.999560369847583,0.546101602869696
11.6,4,0.999525990362748,0.545508132083714
11.7,4,0.999488359921999,0.544701913286312
11.8,4,0.999447117899525,0.543695437575076
11.9,4,0.999401855243212,0.542496662465634
12,4,0.999352094398302,0.541099694451378
12.1,4,0.999297261744299,0.539474277132542
12.2,4,0.999236875568794,0.537696713698049
12.3,4,0.999170379026962,0.535818031682766
12.4,4,0.999097139383488,0.533874839884636
12.5,4,0.9990164518296,0.531898690613004
12.6,4,0.998927533685926,0.529918076629822
12.7,4,0.998829515442282,0.527959064547213
12.8,4,0.99872142815907,0.526045473597081
12.9,4,0.998602182600089,0.524198811008169
13,4,0.998470510406419,0.522437610176813
13.1,4,0.99832487950955,0.520776440281422
13.2,4,0.998164118298145,0.519235365397937
13.3,4,0.997986895788315,0.517830635610505
13.4,4,0.9977917323146,0.516575915824771
13.5,4,0.997577029577648,0.515483152860864
13.6,4,0.997341073021561,0.514562879809071
13.7,4,0.997082027822316,0.513824453921069
13.8,4,0.996797928803191,0.513276413361152
13.9,4,0.996486655531236,0.512927368055457
14,4,0.996145833827824,0.512789959968709
14.1,4,0.995772688147496,0.512885494980098
14.2,4,0.995365309495141,0.513189130373599
14.3,4,0.994921648338856,0.513684793550271
14.4,4,0.994439559273008,0.514360651926653
14.5,4,0.993916886188836,0.515205264175169
14.6,4,0.993351493060586,0.51620682436617
14.7,4,0.992741282317122,0.517353004758153
14.8,4,0.992084202457711,0.518631095778475
14.9,4,0.991378233284184,0.520028636232109
15,4,0.990621270879329,0.521536482029243
15.1,4,0.989810951912961,0.523153356355154
15.2,4,0.988946349122419,0.52484540283294
15.3,4,0.988026593734474,0.526586425539813
15.4,4,0.98705092592719,0.528353521654988
15.5,4,0.986018787984431,0.530124087069616
15.6,4,0.98492983507146,0.531875233300925
15.7,4,0.983783919909056,0.53358363837654
15.8,4,0.98258105253153,0.535225502861253
15.9,4,0.981321316015021,0.536776446311693
16,4,0.980004608342058,0.538210842818372
16.1,4,0.978630299218163,0.539502845958885
16.2,4,0.977200046182479,0.54064220832622
16.3,4,0.975715265155413,0.541618760831329
16.4,4,0.974177150593021,0.542421502944768
16.5,4,0.97258675944891,0.543039387080821
16.6,4,0.970944955209098,0.543461516748724
16.7,4,0.969252311488781,0.543677189905385
16.8,4,0.967508971325971,0.543675763971859
16.9,4,0.965714401324981,0.543446050117877
17,4,0.963866628305787,0.542973223698262
17.1,4,0.961961295330094,0.54223708508963
17.2,4,0.960000776475165,0.541261757276845
17.3,4,0.957985893736918,0.540065802732494
17.4,4,0.955916188270302,0.53866398499738
17.5,4,0.953790373084588,0.537070343349992
17.6,4,0.951606345779926,0.535298772102328
17.7,4,0.949361099691128,0.533363111321462
17.8,4,0.9470505398532,0.531277004901341
17.9,4,0.944669064315139,0.52905342374135
18,4,0.942207938093268,0.526702607861586
18.1,4,0.93965332219686,0.5242305637628
18.2,4,0.937007983229016,0.521669482999653
18.3,4,0.934271460891553,0.519046808891666
18.4,4,0.931440993891699,0.516386738776622
18.5,4,0.928512803495747,0.513712182805592
18.6,4,0.925482319783956,0.511045136595719
18.7,4,0.922344191073865,0.508406771021702
18.8,4,0.919092145877741,0.505817455700598
18.9,4,0.915718541154509,0.50329682710343
19,4,0.912212307603954,0.500864238902501
19.1,4,0.908556486043738,0.498538845686475
19.2,4,0.904757328695672,0.496331449375517
19.3,4,0.900817718764711,0.49425276689285
19.4,4,0.896738600679057,0.492313300658114
19.5,4,0.892520849673889,0.490522856279638
19.6,4,0.888165727304146,0.488890444779693
19.7,4,0.883675080079117,0.487424255695274
19.8,4,0.879051439727025,0.486131675612245
19.9,4,0.874298016114256,0.485019425514489
20,4,0.869418205069006,0.484094368701768
20.1,4,0.864414993737222,0.483363387635503
20.2,4,0.859299941939715,0.482818151395221
20.3,4,0.854085115645861,0.482450354141564
20.4,4,0.848783635875817,0.482251737032443
20.5,4,0.843410339809016,0.482213187077223
20.6,4,0.837982011641911,0.48232449239081
20.7,4,0.832517577721936,0.482574169339731
20.8,4,0.827038421297383,0.482949206116588
20.9,4,0.821569169067159,0.483434476506968
21,4,0.816141102452969,0.484010375712568
21.1,4,0.810795918222401,0.484649374129879
21.2,4,0.805537254148056,0.485345426516304
21.3,4,0.800376635842166,0.486084487161169
21.4,4,0.795330916908316,0.486847765816117
21.5,4,0.790419205993485,0.487613938523823
21.6,4,0.785662270815113,0.488359563190191
21.7,4,0.781082496048122,0.489059060211581
21.8,4,0.776704306598568,0.489684266244414
21.9,4,0.772555681113911,0.490202920727773
22,4,0.76867533175038,0.490571522610765
22.1,4,0.765120174932436,0.490727434403515
22.2,4,0.761860815661852,0.490690572763415
22.3,4,0.758883404199921,0.490461955359186
22.4,4,0.756183512087867,0.49003162494797
22.5,4,0.753759347426465,0.489385851942147
22.6,4,0.751610445488277,0.488508681692445
22.7,4,0.749737461845731,0.487382305729483
22.8,4,0.748142599631806,0.485986675758873
22.9,4,0.746831174890199,0.484297614529956
23,4,0.74581883856962,0.482277279001652
23.1,4,0.745138720940655,0.479864762961008
23.2,4,0.744737069331828,0.477116874754763
23.3,4,0.744577266256983,0.474065986146512
23.4,4,0.744633106831444,0.47073028138705
23.5,4,0.744881795837913,0.467123600017843
23.6,4,0.745302538673529,0.463257512082479
23.7,4,0.745876203982611,0.459141860629055
23.8,4,0.746585456754106,0.454784537105623
23.9,4,0.747415482481543,0.450190079254051
24,4,0.748357383987578,0.445352611409156
24.1,4,0.749411452282792,0.440249629469852
24.2,4,0.750538018266134,0.434947279300523
24.3,4,0.751706901288935,0.429492212571874
24.4,4,0.752893976710931,0.42391911193681
24.5,4,0.754077715326197,0.418258118913541
24.6,4,0.755238386460839,0.412536443346506
24.7,4,0.756357744732569,0.406778882063275
24.8,4,0.757418843442224,0.401007935435113
24.9,4,0.758405794370337,0.39524358155322
25,4,0.759302933874565,0.389501732822099
25.1,4,0.760094003316209,0.383793405463511
25.2,4,0.760773332779845,0.378150449490623
25.3,4,0.761334407501042,0.372599033341286
25.4,4,0.761770536924563,0.367161100446924
25.5,4,0.762075517136408,0.361856264205715
25.6,4,0.762243675906341,0.356702359345266
25.7,4,0.762269783308716,0.35171578034981
25.8,4,0.762148836030285,0.346911861507397
25.9,4,0.761875493397059,0.34230562896722
26,4,0.761441597340696,0.33791475092679
26.1,4,0.760833699972604,0.333762800359265
26.2,4,0.760068555001775,0.329840000408114
26.3,4,0.759157695825577,0.326143873343318
26.4,4,0.758109787723868,0.322675684076986
26.5,4,0.756933022759295,0.319437642820049
26.6,4,0.75563559589591,0.316432421729542
26.7,4,0.754225818109215,0.313663153234691
26.8,4,0.752712077910343,0.311133748835114
26.9,4,0.75110261388407,0.308849891770125
27,4,0.749404415780477,0.306823518350594
27.1,4,0.747622108580413,0.305077480919121
27.2,4,0.745773908467687,0.303582300265294
27.3,4,0.743875827231136,0.302320375664426
27.4,4,0.741942686417566,0.301280956301177
27.5,4,0.739989168377089,0.300455634260344
27.6,4,0.738030015543409,0.299837407545596
27.7,4,0.73608009301501,0.299420451199528
27.8,4,0.734154472995937,0.299200249125298
27.9,4,0.732268739072444,0.299174299013392
28,4,0.730440578564253,0.299345583941413
28.1,4,0.728691388897403,0.29972613666636
28.2,4,0.727022342225966,0.300286633335189
28.3,4,0.725438008441963,0.301006619728686
28.4,4,0.723944784183216,0.301870939477456
28.5,4,0.722549259320243,0.302866223634286
28.6,4,0.721257873333637,0.303980133485024
28.7,4,0.720076850062303,0.305201133818693
28.8,4,0.719012336558369,0.306518483978221
28.9,4,0.718070987850405,0.307922456108625
29,4,0.717262847270043,0.309405482611114
29.1,4,0.716604210221017,0.310963122169913
29.2,4,0.716075343014886,0.312576658784087
29.3,4,0.715662641330941,0.314230266590613
29.4,4,0.715355871452352,0.315910117018814
29.5,4,0.715145339539858,0.317603239194614
29.6,4,0.715021343131741,0.319297278054514
29.7,4,0.714974061010827,0.320980411649568
29.8,4,0.714993631936994,0.322641287480968
29.9,4,0.715070466003534,0.324268851028279
30,4,0.715196604791619,0.325851466553886
1,5,0.999998747085737,0.110624991660757
1.1,5,0.999998687391424,0.121046345815786
1.2,5,0.99999862441022,0.132456524323684
1.3,5,0.999998558025075,0.144921645380903
1.4,5,0.999998488085867,0.158508935886872
1.5,5,0.999998414426457,0.17328341783813
1.6,5,0.999998336867053,0.189305593510678
1.7,5,0.999998255213343,0.206628971252875
1.8,5,0.999998169253401,0.225297115679142
1.9,5,0.999998078750504,0.245339659204239
2,5,0.999997983417071,0.266764079873134
2.1,5,0.999997882881813,0.289544285984173
2.2,5,0.999997777018693,0.313684332669989
2.3,5,0.999997665649562,0.339159450447913
2.4,5,0.999997548556033,0.365915110606118
2.5,5,0.999997425497236,0.393867635522686
2.6,5,0.999997296211348,0.422901902911005
2.7,5,0.999997160413372,0.45286853906314
2.8,5,0.999997017790159,0.483580479093501
2.9,5,0.999996867990492,0.514806972733606
3,5,0.99999671059324,0.546251465904333
3.1,5,0.999996545067464,0.577525332002177
3.2,5,0.999996371147408,0.608460479801133
3.3,5,0.999996188489245,0.638842300531655
3.4,5,0.999995996681862,0.668422065560104
3.5,5,0.999995795264269,0.696937870029058
3.6,5,0.999995583724119,0.724121801902314
3.7,5,0.99999536149126,0.749704534017968
3.8,5,0.999995127926774,0.77341821457038
3.9,5,0.999994882302588,0.794995477557917
4,5,0.999994623737802,0.814147943139488
4.1,5,0.999994351118932,0.830546515994266
4.2,5,0.999994063842741,0.844217113137023
4.3,5,0.999993761135819,0.855170648103709
4.4,5,0.999993442075497,0.8634181476728
4.5,5,0.999993105624036,0.868993467175786
4.6,5,0.999992750625444,0.87195634790888
4.7,5,0.99999237579255,0.872391489396126
4.8,5,0.999991979684736,0.870405988547612
4.9,5,0.999991560665101,0.866125480223474
5,5,0.999991116759947,0.859686145444716
5.1,5,0.999990645480463,0.851231930646925
5.2,5,0.999990145512338,0.840998076097591
5.3,5,0.999989615186935,0.829217786575286
5.4,5,0.999989052534748,0.816118640484371
5.5,5,0.999988455370779,0.801924301626002
5.6,5,0.999987821297119,0.786852777454813
5.7,5,0.999987147686333,0.771114691375987
5.8,5,0.999986431649526,0.75491254777166
5.9,5,0.999985669972659,0.738442642214229
6,5,0.999984858901861,0.72190956132518
6.1,5,0.999983993866595,0.705541978790067
6.2,5,0.999983072102834,0.689374941398685
6.3,5,0.999982090315397,0.673478896068627
6.4,5,0.999981044767258,0.657937974130248
6.5,5,0.999979931423433,0.642833790844962
6.6,5,0.999978745970945,0.628242525241537
6.7,5,0.999977483814902,0.614234818514517
6.8,5,0.999976140063105,0.600877386052227
6.9,5,0.999974709495147,0.588237750851128
7,5,0.999973186463684,0.576404447275926
7.1,5,0.999971564767358,0.565506119274716
7.2,5,0.99996983883496,0.555430624172294
7.3,5,0.999968002683316,0.546120169145945
7.4,5,0.999966049961588,0.537546952645138
7.5,5,0.999963974024321,0.52969243749742
7.6,5,0.999961767953377,0.522543039121932
7.7,5,0.999959424577958,0.516089034169612
7.8,5,0.999956936511699,0.510324982004767
7.9,5,0.999954296251403,0.505252298695429
8,5,0.999951496603793,0.500891930703535
8.1,5,0.999948531253845,0.497296074613854
8.2,5,0.999945388930731,0.494362210797994
8.3,5,0.999942058452849,0.492022177140914
8.4,5,0.999938528487945,0.49022843831902
8.5,5,0.999934787183402,0.488940643988078
8.6,5,0.999930822067204,0.488122500616693
8.7,5,0.999926620008918,0.487740601929639
8.8,5,0.999922167238203,0.487763958898819
8.9,5,0.999917449517229,0.488163994180095
9,5,0.999912453135091,0.488915889750342
9.1,5,0.999907166243113,0.489998443184369
9.2,5,0.999901563934973,0.491365847350044
9.3,5,0.999895620934188,0.4929752284298
9.4,5,0.999889310821867,0.494786338869694
9.5,5,0.999882604909241,0.496759728389832
9.6,5,0.999875471758143,0.498856180316848
9.7,5,0.999867876785139,0.501036303463957
9.8,5,0.999859781862788,0.50325987885876
9.9,5,0.999851144897328,0.505484102390256
10,5,0.999841919446048,0.507655507690667
10.1,5,0.999832054303058,0.509699600999131
10.2,5,0.999821491007017,0.511631579028576
10.3,5,0.999810164614168,0.51344660785716
10.4,5,0.999798002710668,0.515129648898647
10.5,5,0.999784924233828,0.516663378061401
10.6,5,0.999770838180429,0.518029793760575
10.7,5,0.99975564204184,0.519210533919153
10.8,5,0.999739219733678,0.520186386242313
10.9,5,0.999721438331834,0.520935192444915
11,5,0.999702139558866,0.521421550560664
11.1,5,0.999681128430189,0.521584454410275
11.2,5,0.999658257803856,0.521482070411277
11.3,5,0.999633351383561,0.521147108693282
11.4,5,0.999606203797345,0.520599028897835
11.5,5,0.999576582289191,0.519854261297999
11.6,5,0.999544223801105,0.518928251730818
11.7,5,0.999508830329772,0.517835947008918
11.8,5,0.999470062155487,0.516591612556455
11.9,5,0.999427526320663,0.515207811031438
12,5,0.999380743962571,0.513690535623058
12.1,5,0.999329104603536,0.512033067477464
12.2,5,0.99927220984466,0.510282317378437
12.3,5,0.999209575502077,0.508471967801713
12.4,5,0.999140635597458,0.506628779778529
12.5,5,0.999064755001945,0.504777447565372
12.6,5,0.998981225236146,0.502941625462858
12.7,5,0.998889255222272,0.501144300397968
12.8,5,0.998787956536061,0.499408076356521
12.9,5,0.998676316323591,0.497755771168466
13,5,0.998553113850334,0.496213018229353
13.1,5,0.998416799115407,0.494810455434991
13.2,5,0.998266422475017,0.493545543483703
13.3,5,0.998100864745555,0.492421174924031
13.4,5,0.997918856242451,0.491443494777666
13.5,5,0.997719023848848,0.490619393610675
13.6,5,0.997499896300516,0.489956061010575
13.7,5,0.997259899052879,0.489461010762485
13.8,5,0.996997338836988,0.489142512591873
13.9,5,0.996710364333679,0.489010993027994
14,5,0.996396813393291,0.489085503961406
14.1,5,0.996053985117576,0.489400822448057
14.2,5,0.995680564037191,0.489916153370373
14.3,5,0.99527507145279,0.490606410940753
14.4,5,0.99483592255918,0.491455232105543
14.5,5,0.994361542145684,0.49244859850583
14.6,5,0.993850394594132,0.493573539661929
14.7,5,0.99330099177212,0.494817856023397
14.8,5,0.992711879958808,0.496170388646791
14.9,5,0.992081583274001,0.497622194438683
15,5,0.991408354316407,0.499172114372982
15.1,5,0.99068981207133,0.500833777804534
15.2,5,0.989926179423843,0.502559323653561
15.3,5,0.989117586862318,0.504315215463773
15.4,5,0.988264146772332,0.506075597007337
15.5,5,0.987366111175763,0.507816874282904
15.6,5,0.98642387438553,0.509516640711011
15.7,5,0.985437930222073,0.511153448813206
15.8,5,0.984408785531043,0.512706948779206
15.9,5,0.983336787970676,0.514158444453998
16,5,0.982221579434179,0.515493214881415
16.1,5,0.98106138042411,0.516704437015911
16.2,5,0.979859319175287,0.517766041318451
16.3,5,0.978617807250889,0.51865992980662
16.4,5,0.977338657656138,0.519372323695619
16.5,5,0.976023347836619,0.519891633163612
16.6,5,0.974672977648072,0.520208051782477
16.7,5,0.973288148981299,0.520313481185365
16.8,5,0.971868768319736,0.52020157969936
16.9,5,0.970413670158878,0.519867896136335
17,5,0.9689193548887,0.519310262913905
17.1,5,0.967378434415605,0.518530381574908
17.2,5,0.96579532160691,0.517532721785009
17.3,5,0.964171962644639,0.516325561418469
17.4,5,0.962508365005853,0.514919352548976
17.5,5,0.960803420067408,0.513326291161875
17.6,5,0.959054962751873,0.511560149196227
17.7,5,0.957259655360258,0.509636188149432
17.8,5,0.955412716551636,0.507571175548279
17.9,5,0.953507291016836,0.505383652669026
18,5,0.951532012466785,0.503095477708007
18.1,5,0.949468055868896,0.500733737096913
18.2,5,0.947321442826362,0.498308450517695
18.3,5,0.945093387216223,0.495834905362756
18.4,5,0.942781668808422,0.493331444592579
18.5,5,0.940382514964276,0.490817720925149
18.6,5,0.937890889660972,0.488314265238156
18.7,5,0.935300439612889,0.485842369619254
18.8,5,0.932603190245182,0.483424242214496
18.9,5,0.92978871485653,0.481083768127578
19,5,0.926840683103141,0.478850337413085
19.1,5,0.923732695026715,0.476762189110763
19.2,5,0.920475305011651,0.474809035698729
19.3,5,0.917072944496737,0.472990037316347
19.4,5,0.913526098347987,0.47131012423645
19.5,5,0.909834193880861,0.469776030255309
19.6,5,0.905996180880576,0.468395434504395
19.7,5,0.9020106492384,0.467176740250533
19.8,5,0.897875682394862,0.466129221183914
19.9,5,0.893588248088078,0.465263815811454
20,5,0.889141352360056,0.464597097611569
20.1,5,0.884520644254621,0.464154299441353
20.2,5,0.879744826951919,0.463908403438726
20.3,5,0.874828630935695,0.463841137059971
20.4,5,0.869784772587634,0.463939771668147
20.5,5,0.864626493353601,0.464193024802894
20.6,5,0.859368109896562,0.464590132020976
20.7,5,0.854025190870197,0.46512051773186
20.8,5,0.848614609631773,0.465773691399548
20.9,5,0.843154569189943,0.466539335718684
21,5,0.837664763415719,0.467408103907202
21.1,5,0.832166552737988,0.468371355198267
21.2,5,0.826679885485282,0.469405174744773
21.3,5,0.821226042437588,0.470486106471045
21.4,5,0.815827407397338,0.471591307314071
21.5,5,0.810507200541677,0.472697626466755
21.6,5,0.805289373213966,0.473781364191751
21.7,5,0.800198580756092,0.474818112897631
21.8,5,0.795260330897735,0.475782478023578
21.9,5,0.790501693020483,0.476647263156209
22,5,0.785955060334457,0.477379598574655
22.1,5,0.7816621640837,0.477936260095396
22.2,5,0.777617671672081,0.478318055453137
22.3,5,0.773823517771224,0.478515699603039
22.4,5,0.770285702990242,0.478514501788547
22.5,5,0.767010672020062,0.478298296718195
22.6,5,0.764004622018329,0.477850297284264
22.7,5,0.7612734076862,0.477153301685565
22.8,5,0.758822806795915,0.476189449172514
22.9,5,0.756659472152627,0.474938998070209
23,5,0.754795347155034,0.473374021402804
23.1,5,0.753252105721759,0.471452035234343
23.2,5,0.751997320294406,0.469209261793781
23.3,5,0.751007773424744,0.466666662695298
23.4,5,0.750265512937212,0.463836781109567
23.5,5,0.749753674348817,0.460730224177106
23.6,5,0.749455693577843,0.457356996506581
23.7,5,0.749355145589908,0.453726833117202
23.8,5,0.749435813967709,0.449849057935097
23.9,5,0.749681976270075,0.445731745727173
24,5,0.75007959420622,0.441377555553926
24.1,5,0.750617465582851,0.436780110560178
24.2,5,0.751270589926152,0.431986050838929
24.3,5,0.752016917730202,0.427031327072355
24.4,5,0.752836237826815,0.421945415534549
24.5,5,0.753709037458665,0.416755588477962
24.6,5,0.754616240252431,0.41148779172947
24.7,5,0.755539054825602,0.406166925124037
24.8,5,0.756458735540535,0.400816984321019
24.9,5,0.757355941198341,0.395461271143418
25,5,0.75820786817039,0.390123230667885
25.1,5,0.758985451926588,0.384827751638395
25.2,5,0.759694395801824,0.379591000156457
25.3,5,0.760333776079461,0.374430915207226
25.4,5,0.760898813041378,0.369365817547844
25.5,5,0.761383634932011,0.364413635250774
25.6,5,0.761781779101452,0.359591821456906
25.7,5,0.762086204170532,0.354917479115835
25.8,5,0.762288955273029,0.350407751938015
25.9,5,0.762380099073039,0.346080927986845
26,5,0.762342932110646,0.341961317093308
26.1,5,0.762149232991408,0.338084309734449
26.2,5,0.761827778755757,0.334428280784396
26.3,5,0.761395768828577,0.330984699355712
26.4,5,0.760863430270972,0.327752339424917
26.5,5,0.76023867868917,0.324732365639759
26.6,5,0.759528043142545,0.321927359509166
26.7,5,0.758736834685863,0.31934116659704
26.8,5,0.757868906396998,0.31697924975926
26.9,5,0.756925747396631,0.314850000553024
27,5,0.755902380089513,0.312970847583505
27.1,5,0.754783240205079,0.311374506235076
27.2,5,0.753600686688914,0.310021914155704
27.3,5,0.752376804510511,0.308890444347524
27.4,5,0.751127224175903,0.307967147223159
27.5,5,0.749865058747049,0.307242551431557
27.6,5,0.748601676338155,0.306709356985123
27.7,5,0.747346841173173,0.306362114619789
27.8,5,0.746108549763948,0.30619742421298
27.9,5,0.744892456821634,0.306214959660234
28,5,0.743699460351699,0.306422438999463
28.1,5,0.742523289768925,0.30684068799082
28.2,5,0.741384066053888,0.30743179106373
28.3,5,0.740294856129918,0.30817071101303
28.4,5,0.739263844859154,0.309040264682689
28.5,5,0.738296594629062,0.310026139125556
28.6,5,0.737396491904197,0.311115833492252
28.7,5,0.73656481991054,0.312298380210964
28.8,5,0.735800621895648,0.313564434488696
28.9,5,0.735100230613153,0.314906850166476
29,5,0.734455227549231,0.316323420346477
29.1,5,0.733850429242209,0.317819450897112
29.2,5,0.733292711685661,0.31936779605496
29.3,5,0.732782267978287,0.320948395118124
29.4,5,0.732314556645363,0.322545923370234
29.5,5,0.731882311976419,0.324147130170981
29.6,5,0.731475983829223,0.325740293005787
29.7,5,0.731083818308413,0.327315089324853
29.8,5,0.730691650985471,0.328862651448866
29.9,5,0.730282080814495,0.330375815793482
30,5,0.729830525121032,0.331850143168947
1,6,0.999998425470299,0.0761335761918197
1.1,6,0.999998351971037,0.0831927294175916
1.2,6,0.999998274555408,0.0909497149781022
1.3,6,0.999998193091407,0.0994546171919989
1.4,6,0.999998107404811,0.108761485567444
1.5,6,0.999998017300079,0.118925419626045
1.6,6,0.999997922562885,0.130001215752036
1.7,6,0.999997822958429,0.1420421444091
1.8,6,0.999997718226568,0.155098635271887
1.9,6,0.99999760807069,0.169216777624261
2,6,0.999997492117417,0.184436479952765
2.1,6,0.99999736986605,0.200788900527706
2.2,6,0.999997241197727,0.218295552110021
2.3,6,0.999997105914041,0.236964635256832
2.4,6,0.999996963755757,0.256789057263078
2.5,6,0.999996814430488,0.277744082150998
2.6,6,0.999996657615191,0.299784823627907
2.7,6,0.999996492952719,0.322843660769289
2.8,6,0.999996320043716,0.346827371175013
2.9,6,0.999996138429493,0.37161299245481
3,6,0.999995947533672,0.397035652671151
3.1,6,0.999995746589027,0.422874172521588
3.2,6,0.999995535350511,0.449006201939323
3.3,6,0.999995313446356,0.475276992307551
3.4,6,0.999995080401702,0.501504642812285
3.5,6,0.999994835674929,0.527490326709412
3.6,6,0.999994578658443,0.553022016681191
3.7,6,0.999994308670585,0.577877140009464
3.8,6,0.99999402493972,0.601824447212337
3.9,6,0.999993726572151,0.624623511017873
4,6,0.999993412444805,0.646010464788337
4.1,6,0.999993081070414,0.665684624986488
4.2,6,0.999992731898832,0.683580416321192
4.3,6,0.999992364133155,0.69962226991259
4.4,6,0.999991976771966,0.71373477716614
4.5,6,0.999991568675021,0.725859246591205
4.6,6,0.999991138564196,0.735957135867075
4.7,6,0.999990685008187,0.744010672729406
4.8,6,0.999990206392477,0.750022088788395
4.9,6,0.999989700857595,0.754011340934553
5,6,0.999989166087358,0.756008338827817
5.1,6,0.999988599040105,0.756049419899542
5.2,6,0.999987998551937,0.754284064211687
5.3,6,0.999987362986953,0.750863738337233
5.4,6,0.999986690325329,0.745940694459838
5.5,6,0.999985978300117,0.739671511036524
5.6,6,0.999985224406327,0.732215763939601
5.7,6,0.999984425879685,0.723734172286641
5.8,6,0.999983579650208,0.714387196290925
5.9,6,0.999982682243321,0.704335254037103
6,6,0.99998172943337,0.693746828667732
6.1,6,0.999980715797954,0.682808952993967
6.2,6,0.999979639015859,0.671593903985553
6.3,6,0.999978496026965,0.660195461381686
6.4,6,0.999977283180611,0.648714434149478
6.5,6,0.999975996469251,0.637248358919437
6.6,6,0.999974631554597,0.625889410032738
6.7,6,0.999973183747279,0.614724160108641
6.8,6,0.999971647952957,0.603834604878284
6.9,6,0.999970018555634,0.593301608850007
7,6,0.999968289015576,0.583220282516596
7.1,6,0.999966451347982,0.573715062137248
7.2,6,0.999964501035373,0.564724611621816
7.3,6,0.999962432652437,0.556226372758714
7.4,6,0.999960240022967,0.548218250419285
7.5,6,0.999957916477169,0.540703040183487
7.6,6,0.999955454871076,0.53368535132577
7.7,6,0.999952847551288,0.527170986314861
7.8,6,0.999950086282689,0.521167506917691
7.9,6,0.999947162119514,0.515686567145124
8,6,0.999944065057166,0.510754680747962
8.1,6,0.999940783586648,0.506423010339375
8.2,6,0.999937308227589,0.502611450822459
8.3,6,0.999933628245358,0.499267956138309
8.4,6,0.999929731675694,0.496357216220407
8.5,6,0.999925605411853,0.49384953890658
8.6,6,0.999921235100291,0.491718390217966
8.7,6,0.999916604970838,0.489939589342563
8.8,6,0.999911697599426,0.488491133353503
8.9,6,0.999906493550238,0.487353557069549
9,6,0.999900970558097,0.486512242107219
9.1,6,0.999895102493935,0.485958181906688
9.2,6,0.999888866449453,0.48564851606669
9.3,6,0.999882235871393,0.485545918240859
9.4,6,0.999875180427476,0.485617562034938
9.5,6,0.999867665971503,0.485832588977079
9.6,6,0.999859654077442,0.486161487183326
9.7,6,0.999851101375363,0.486575796016691
9.8,6,0.999841958620252,0.487047768104541
9.9,6,0.999832169175766,0.487549478597755
10,6,0.999821664957642,0.488048568235661
10.1,6,0.999810361140459,0.488501878772747
10.2,6,0.999798197462336,0.48891184038064
10.3,6,0.999785100198903,0.489270233426615
10.4,6,0.999770982371602,0.48956451874075
10.5,6,0.99975574468609,0.489782099810822
10.6,6,0.999739274208523,0.489911186103985
10.7,6,0.999721442205631,0.489940978601941
10.8,6,0.999702100967482,0.489861453823884
10.9,6,0.999681078399588,0.489662350109282
11,6,0.999658162784341,0.489328040755931
11.1,6,0.999633082100009,0.488830427400121
11.2,6,0.999605664116465,0.488198647907768
11.3,6,0.999575693759939,0.487449225841359
11.4,6,0.999542914735494,0.486593221984986
11.5,6,0.999507034589148,0.485641351476178
11.6,6,0.999467721523454,0.484604991371647
11.7,6,0.999424598534726,0.483496442216672
11.8,6,0.999377234576996,0.482328952770528
11.9,6,0.99932512933126,0.481116601092246
12,6,0.999267669814567,0.479873685223714
12.1,6,0.999204069024173,0.478612774371799
12.2,6,0.99913382209679,0.477349555167409
12.3,6,0.999056314630478,0.476097950818129
12.4,6,0.998970828299894,0.474872042072806
12.5,6,0.998876558676519,0.473686627072652
12.6,6,0.998772611280005,0.472557328270414
12.7,6,0.998657991592518,0.471500705310879
12.8,6,0.998531588956043,0.470534587165205
12.9,6,0.998392147034536,0.469679127982414
13,6,0.998238172862315,0.468961732947994
13.1,6,0.998067803861112,0.468421567699395
13.2,6,0.997879823127944,0.468037329259537
13.3,6,0.997672826455898,0.467799761669149
13.4,6,0.997445245274087,0.467707079435638
13.5,6,0.997195401999948,0.467760047938028
13.6,6,0.996921521476253,0.467960975453608
13.7,6,0.996621732998466,0.468313542188755
13.8,6,0.996294064285751,0.468823199014136
13.9,6,0.995936416713416,0.469498719883051
14,6,0.995546448719864,0.470359572584665
14.1,6,0.995121399112206,0.471443961453271
14.2,6,0.99465967580553,0.472703976155437
14.3,6,0.994159601146095,0.474109937107662
14.4,6,0.993619473288205,0.475642590793126
14.5,6,0.993037677789583,0.477285799305066
14.6,6,0.992412730976455,0.479025018226871
14.7,6,0.991743307546274,0.480846938569447
14.8,6,0.991028255415514,0.482739743432016
14.9,6,0.990266587774563,0.484694342623319
15,6,0.989457384296108,0.48671026588332
15.1,6,0.988599639563168,0.488802992633258
15.2,6,0.987693748915169,0.490922891001172
15.3,6,0.986740277408228,0.493035593428285
15.4,6,0.985739996484741,0.495115124853674
15.5,6,0.984693954533264,0.497138169259014
15.6,6,0.983603471829965,0.499082919627278
15.7,6,0.982470108995457,0.500928828313049
15.8,6,0.981295609292538,0.502656760487637
15.9,6,0.980081797064412,0.504249624924656
16,6,0.978830312267515,0.505695041430231
16.1,6,0.977542273819496,0.506989578546057
16.2,6,0.976220891979371,0.508106574407578
16.3,6,0.974869033893706,0.509028337496912
16.4,6,0.973489228025179,0.50974219372996
16.5,6,0.972083726331469,0.510238006032341
16.6,6,0.970654434976697,0.510507685580755
16.7,6,0.969202804969296,0.510545095319557
16.8,6,0.96772967221134,0.510346126651613
16.9,6,0.966234969166817,0.509908962600188
17,6,0.964716791101013,0.509235101957092
17.1,6,0.963170278114082,0.50833153186951
17.2,6,0.961599116893609,0.507200310332081
17.3,6,0.960004926657749,0.505848945018523
17.4,6,0.958387665804805,0.504288146216129
17.5,6,0.956746237932798,0.50253075405467
17.6,6,0.955078529907332,0.500591435993105
17.7,6,0.953381312370685,0.498486577337162
17.8,6,0.951650004698659,0.496234350037567
17.9,6,0.949878110139444,0.493855175473868
18,6,0.948054977843983,0.491374163739276
18.1,6,0.946163164250877,0.488823862559695
18.2,6,0.944208487431325,0.48620902155393
18.3,6,0.942192075612549,0.483542071056081
18.4,6,0.940111731059517,0.480840005518692
18.5,6,0.937963707063237,0.478121739923989
18.6,6,0.935742977355351,0.475407498685835
18.7,6,0.933443171789294,0.472718673740434
18.8,6,0.931056254253358,0.47007805314388
18.9,6,0.928571644733813,0.467510835731779
19,6,0.925972573109509,0.465049592206775
19.1,6,0.923231772550065,0.462738688261046
19.2,6,0.920361201611591,0.460560770552277
19.3,6,0.91736590000505,0.458511194966256
19.4,6,0.914246380987334,0.456593169934195
19.5,6,0.911001684354576,0.454812656898473
19.6,6,0.907629942919763,0.453177286910309
19.7,6,0.90412843113548,0.451696114424067
19.8,6,0.900493283707902,0.450379874394642
19.9,6,0.896718590475558,0.449242145155634
20,6,0.892792452064294,0.448304948316281
20.1,6,0.888692338959679,0.447603385760461
20.2,6,0.884439860468506,0.447101730236698
20.3,6,0.880050051108893,0.446777673281078
20.4,6,0.875534034332324,0.446617479670572
20.5,6,0.870902412329924,0.446610296168903
20.6,6,0.86616592193961,0.446746914571853
20.7,6,0.861335540929543,0.447019418815116
20.8,6,0.856422312059121,0.447421258622796
20.9,6,0.851436769078519,0.447947914391811
21,6,0.84638660798783,0.448600253290096
21.1,6,0.841274044809053,0.449386855195125
21.2,6,0.836127175908919,0.450271823569675
21.3,6,0.830970319020895,0.451226664161548
21.4,6,0.825825486002462,0.452227968420742
21.5,6,0.820714225666213,0.453254011570776
21.6,6,0.815657883579739,0.454284010767971
21.7,6,0.810677564807002,0.455297889613562
21.8,6,0.805794005141334,0.456276206118608
21.9,6,0.801027452134835,0.457200103458806
22,6,0.796397822884714,0.458051008462906
22.1,6,0.791924902886757,0.45880950609836
22.2,6,0.787622911972796,0.459458073388698
22.3,6,0.783505456379742,0.459978417325089
22.4,6,0.779585153278976,0.460352670767568
22.5,6,0.775873240706314,0.460563770088199
22.6,6,0.77237947701977,0.460595554608999
22.7,6,0.769112106231422,0.460432796861065
22.8,6,0.766077877093864,0.460061124868993
22.9,6,0.763282201255,0.459466588708506
23,6,0.760730062595421,0.458633232673769
23.1,6,0.75842696263313,0.457540400170023
23.2,6,0.756365164873523,0.456198806615079
23.3,6,0.754537299983585,0.454614348659458
23.4,6,0.752935595549653,0.452790933681572
23.5,6,0.751551059016051,0.450732973370611
23.6,6,0.75037338169128,0.448445862469281
23.7,6,0.74939094341266,0.44593608268947
23.8,6,0.748590781902643,0.443211157954756
23.9,6,0.747958373692949,0.440279425682691
24,6,0.747476407617246,0.437148943749279
24.1,6,0.74712357311895,0.433826662534829
24.2,6,0.74689312955962,0.430334842035748
24.3,6,0.7467744835378,0.426694160227054
24.4,6,0.746754483047423,0.422924514360447
24.5,6,0.746818742043972,0.419046007679777
24.6,6,0.746951939847637,0.415079084932756
24.7,6,0.747137855526812,0.411044568401719
24.8,6,0.747359135646285,0.406963786660424
24.9,6,0.747596425111123,0.402859080741572
25,6,0.747824235317543,0.398756341922085
25.1,6,0.748006877913213,0.394687905803454
25.2,6,0.748158427664243,0.390656576427587
25.3,6,0.748282634040016,0.386672365175283
25.4,6,0.748376987130467,0.382749115734778
25.5,6,0.748436826983953,0.378901818652329
25.6,6,0.748456172091947,0.375146053207908
25.7,6,0.748427853097249,0.371497918063844
25.8,6,0.748343200961794,0.367974349674861
25.9,6,0.748190888055469,0.364594282888106
26,6,0.747951569796388,0.361384097463116
26.1,6,0.747592566402185,0.358383329901059
26.2,6,0.747144906020014,0.355567478419684
26.3,6,0.746626343785126,0.352926787935617
26.4,6,0.746046531944621,0.350459845636178
26.5,6,0.745412277540169,0.348168012107232
26.6,6,0.744728606722908,0.346054268666992
26.7,6,0.743998975846951,0.344122977059923
26.8,6,0.743225020170572,0.342380173834567
26.9,6,0.74240556115827,0.340834818001945
27,6,0.741532092682593,0.339504724432548
27.1,6,0.740584269656162,0.338422742595322
27.2,6,0.739594311636663,0.337551992166468
27.3,6,0.738582845527283,0.336871312438688
27.4,6,0.737563144055431,0.336368740442239
27.5,6,0.736545483894947,0.336035492417122
27.6,6,0.735538013441662,0.33586468330231
27.7,6,0.734546913546536,0.335850995880158
27.8,6,0.733576193184947,0.335990833171643
27.9,6,0.732626949782902,0.336283200138548
28,6,0.731694168839399,0.336734003803786
28.1,6,0.73076353957578,0.337360466744188
28.2,6,0.729856394473841,0.338129016699363
28.3,6,0.728984880957528,0.339017114287416
28.4,6,0.728154913216083,0.340008910294051
28.5,6,0.727369221288367,0.341090938389127
28.6,6,0.726627960962291,0.342251196857782
28.7,6,0.725928806802447,0.343478899685912
28.8,6,0.725266725265914,0.344764529672501
28.9,6,0.724633182248627,0.346100248855429
29,6,0.724012621778484,0.347481818133211
29.1,6,0.723378977895452,0.348910307594608
29.2,6,0.722745718972334,0.35036410744217
29.3,6,0.722115905082728,0.351826669772184
29.4,6,0.72148553926793,0.353284955433732
29.5,6,0.720847008668992,0.354727581850841
29.6,6,0.72018979508519,0.356144443665393
29.7,6,0.719500575092506,0.357526627502684
29.8,6,0.718762863176447,0.358866452608998
29.9,6,0.717955705883422,0.360157621675941
30,6,0.717047626999039,0.361395737752567
1,7,0.999997856594217,0.0521470950426794
1.1,7,0.99999775461065,0.0568486409752604
1.2,7,0.999997647381458,0.0620249878511127
1.3,7,0.999997534663183,0.067710801951797
1.4,7,0.999997416186867,0.0739454178480262
1.5,7,0.999997291666328,0.0807704349172517
1.6,7,0.999997160799179,0.0882290070770041
1.7,7,0.9999970232662,0.0963654132688956
1.8,7,0.999996878729549,0.105224759794379
1.9,7,0.999996726828993,0.114852966536997
2,7,0.99999656716977,0.125298377537665
2.1,7,0.999996399307493,0.136614039083606
2.2,7,0.999996222891092,0.148826072249679
2.3,7,0.999996037531985,0.161957052327004
2.4,7,0.9999958428088,0.176024039357466
2.5,7,0.999995638274723,0.191035364226686
2.6,7,0.99999542345773,0.206988609869867
2.7,7,0.999995197859074,0.223868745764075
2.8,7,0.99999496095052,0.241646196491059
2.9,7,0.999994712169807,0.260274453174486
3,7,0.999994450910119,0.279684803264927
3.1,7,0.999994176507281,0.29978043591647
3.2,7,0.999993888333006,0.320491992354295
3.3,7,0.999993585704356,0.341730212786252
3.4,7,0.999993267884106,0.363386900047298
3.5,7,0.999992934082755,0.38533813008427
3.6,7,0.99999258345543,0.407445304433511
3.7,7,0.99999221509691,0.429555923622574
3.8,7,0.999991828034431,0.451504042971433
3.9,7,0.999991421216194,0.473109329254238
4,7,0.999990993482287,0.494167325053118
4.1,7,0.999990543529014,0.514440148013694
4.2,7,0.999990070196738,0.533833590617564
4.3,7,0.999989572197317,0.552242413186102
4.4,7,0.99998904811817,0.569556521567741
4.5,7,0.999988496431413,0.585672257415029
4.6,7,0.999987915487739,0.600495482900564
4.7,7,0.999987303505207,0.613942865853008
4.8,7,0.999986658551816,0.625942076609072
4.9,7,0.999985978514116,0.636430289936928
5,7,0.999985261001412,0.64534525190494
5.1,7,0.999984503225781,0.65261952618925
5.2,7,0.999983703103764,0.658324689422102
5.3,7,0.999982858247939,0.66253016406864
5.4,7,0.999981965998239,0.665305472728372
5.5,7,0.999981023473537,0.666727077666927
5.6,7,0.999980027567901,0.666878329497087
5.7,7,0.999978974932075,0.665848216977434
5.8,7,0.999977861940589,0.663729856805108
5.9,7,0.999976684628065,0.660619121910515
6,7,0.99997543848279,0.656614183119432
6.1,7,0.999974118184524,0.651818178887214
6.2,7,0.999972720059353,0.646332120034833
6.3,7,0.999971239859455,0.640259588651563
6.4,7,0.999969672838731,0.633701749640123
6.5,7,0.999968013875153,0.626755647617125
6.6,7,0.999966257471506,0.619513525739602
6.7,7,0.999964397725532,0.612062551790594
6.8,7,0.999962428274177,0.604485030759428
6.9,7,0.999960342188309,0.59685972249917
7,7,0.999958131650553,0.589268556095388
7.1,7,0.99995578754365,0.581804130610521
7.2,7,0.999953303108234,0.574475520164262
7.3,7,0.999950670616414,0.567305697492292
7.4,7,0.999947881459211,0.560323102326531
7.5,7,0.999944926302686,0.553554989448146
7.6,7,0.9999417950577,0.547026308115782
7.7,7,0.999938476797086,0.540759669195055
7.8,7,0.99993495962528,0.534775848895189
7.9,7,0.999931230462903,0.529095135273935
8,7,0.999927274490423,0.523742803564005
8.1,7,0.999923074440754,0.518753877548269
8.2,7,0.999918616080376,0.51409607407823
8.3,7,0.999913883068666,0.50974914044969
8.4,7,0.999908856977659,0.505699671011328
8.5,7,0.999903517404068,0.501935831490282
8.6,7,0.999897841777936,0.498446328599601
8.7,7,0.999891805060372,0.495220165850763
8.8,7,0.999885379315551,0.492246658407606
8.9,7,0.999878533034472,0.489515588482815
9,7,0.99987122943749,0.487017731314819
9.1,7,0.99986342429752,0.484743846667719
9.2,7,0.999855082273692,0.482673672535583
9.3,7,0.999846161583055,0.480787217810419
9.4,7,0.999836613977863,0.479065810359016
9.5,7,0.999826384995915,0.477491635268103
9.6,7,0.999815413294874,0.47604763585895
9.7,7,0.999803629636975,0.474717454613597
9.8,7,0.999790955454715,0.473485274424844
9.9,7,0.999777300539879,0.472335227932083
10,7,0.999762556997381,0.471248340380363
10.1,7,0.999746591274796,0.470197478772517
10.2,7,0.999729304294997,0.469186990145554
10.3,7,0.999710576337121,0.468212979312753
10.4,7,0.999690267192217,0.46726854044931
10.5,7,0.999668217459727,0.466346901058355
10.6,7,0.999644246600746,0.465442071641845
10.7,7,0.999618149854664,0.46454901436049
10.8,7,0.999589693877005,0.463663564895677
10.9,7,0.999558609743385,0.462781915740182
11,7,0.999524574786828,0.46189786891619
11.1,7,0.999487187820126,0.460998188089192
11.2,7,0.999446146989364,0.460097877778697
11.3,7,0.999401090833598,0.459204805455021
11.4,7,0.999351598562782,0.458324450694772
11.5,7,0.999297194424323,0.457462684969328
11.6,7,0.999237342973697,0.456626325271067
11.7,7,0.999171441510151,0.455823305900256
11.8,7,0.999098809629757,0.455062779070768
11.9,7,0.999018673021123,0.454355299458545
12,7,0.998930122857174,0.45371358436989
12.1,7,0.998832058908358,0.453151972217981
12.2,7,0.998723576948541,0.452671913542126
12.3,7,0.998603633828885,0.452276535121508
12.4,7,0.998471049027476,0.45197114828101
12.5,7,0.998324517764348,0.451762464333115
12.6,7,0.99816260658081,0.451658414705331
12.7,7,0.997983745305812,0.451668159278342
12.8,7,0.997786216678321,0.451802345200193
12.9,7,0.997568141380801,0.452074028331043
13,7,0.997327440250906,0.452503050371253
13.1,7,0.997061781473939,0.453120083784251
13.2,7,0.996768979098322,0.453902146234703
13.3,7,0.996446675163257,0.454836876289028
13.4,7,0.996092357541619,0.455918532291036
13.5,7,0.995703395710094,0.457143595188172
13.6,7,0.995277065685587,0.458509825380678
13.7,7,0.994810579725012,0.460016039288043
13.8,7,0.994301126464547,0.461662335050393
13.9,7,0.993745933292448,0.463451169532121
14,7,0.993142416353532,0.465392669204775
14.1,7,0.992488391362687,0.467510673187269
14.2,7,0.991780749086481,0.469767044402358
14.3,7,0.991016631468174,0.472136514148445
14.4,7,0.99019346780533,0.474600911191606
14.5,7,0.98930897821558,0.477143842642839
14.6,7,0.988361248184095,0.479749545202196
14.7,7,0.987348830335505,0.482402556578534
14.8,7,0.986270881335305,0.485087776543606
14.9,7,0.985127386212956,0.487791063105918
15,7,0.983919815133013,0.490502261465785
15.1,7,0.982652007939571,0.493219674352102
15.2,7,0.981322663669517,0.495909946526947
15.3,7,0.979931742740537,0.498547740788023
15.4,7,0.978480311307221,0.501111527846091
15.5,7,0.976970177399291,0.50358060237587
15.6,7,0.975403865190376,0.50593446765736
15.7,7,0.973784661615831,0.508152663717148
15.8,7,0.97211672428641,0.510214728099362
15.9,7,0.970405344621181,0.512100146799717
16,7,0.968658040366549,0.513787933468688
16.1,7,0.966885946315471,0.515257818128345
16.2,7,0.965088706156125,0.516502502035055
16.3,7,0.96326771088237,0.517515669471532
16.4,7,0.961425526623999,0.518290884179584
16.5,7,0.959565001632504,0.518822093795495
16.6,7,0.957689078886243,0.519103738389732
16.7,7,0.955800746770103,0.519130768723754
16.8,7,0.953903064360122,0.51889856681944
16.9,7,0.951999315913695,0.518402584914993
17,7,0.950093803594491,0.517636438440645
17.1,7,0.948192792402984,0.51659126576542
17.2,7,0.946292883290143,0.515288028716425
17.3,7,0.94439164974405,0.513744999805223
17.4,7,0.942487097261124,0.511978411829516
17.5,7,0.940576946647495,0.510004342944918
17.6,7,0.938658479757367,0.50783905400401
17.7,7,0.936728476135884,0.505499053009953
17.8,7,0.934783152500463,0.503001081772383
17.9,7,0.932818030252165,0.500362065470145
18,7,0.930827390844831,0.497598936382134
18.1,7,0.928803652832359,0.494728903112907
18.2,7,0.926744807580227,0.491773052794282
18.3,7,0.924647385646374,0.488752591214759
18.4,7,0.922506813432083,0.485688515070791
18.5,7,0.920317851560545,0.48260173184299
18.6,7,0.918074643505971,0.479513076915903
18.7,7,0.915770654659165,0.476443368725243
18.8,7,0.913398481655485,0.473413602899643
18.9,7,0.910949328025559,0.470445560928082
19,7,0.908410767582107,0.467564596931488
19.1,7,0.905764201513426,0.464801960119796
19.2,7,0.90301583786162,0.462153712664577
19.3,7,0.900167426568384,0.459622515532511
19.4,7,0.89721787099987,0.457215114470118
19.5,7,0.894165167546322,0.454939554842657
19.6,7,0.891006760414761,0.452804630718779
19.7,7,0.887739554959055,0.450819816538301
19.8,7,0.884359692076673,0.448995527275611
19.9,7,0.880861840097696,0.447344033543852
20,7,0.877236100028302,0.445883662535657
20.1,7,0.873464485960625,0.444642036922214
20.2,7,0.869564122482142,0.443593181027842
20.3,7,0.86554655113176,0.442720948002529
20.4,7,0.861419982264331,0.442015627154385
20.5,7,0.857192010795811,0.441469736989113
20.6,7,0.852870130193076,0.441077140358685
20.7,7,0.848461792710078,0.440832829299775
20.8,7,0.84397421405907,0.44073305747321
20.9,7,0.839413772183034,0.440776005625982
21,7,0.834783540130647,0.440964953356987
21.1,7,0.830080543326653,0.441310419115423
21.2,7,0.82532933184664,0.441781289368331
21.3,7,0.820549951278792,0.442353581636228
21.4,7,0.815759647528263,0.44300831694609
21.5,7,0.8109749089812,0.443728346144004
21.6,7,0.806211787504533,0.444497671894191
21.7,7,0.801485877209595,0.445301259822489
21.8,7,0.796812137633172,0.446125049380688
21.9,7,0.792204551681515,0.446956139382418
22,7,0.787675146444275,0.447783581210068
22.1,7,0.783232970150346,0.448598356255026
22.2,7,0.778895423499178,0.449380153435766
22.3,7,0.77467708103657,0.450110561658797
22.4,7,0.770590270267637,0.45077316526505
22.5,7,0.766645762704463,0.451352810105153
22.6,7,0.762852881131977,0.451835457364287
22.7,7,0.75921949143207,0.452208150176269
22.8,7,0.755751939794627,0.452458994890053
22.9,7,0.752454937674559,0.452577039063878
23,7,0.749331267787902,0.452551444899475
23.1,7,0.746381502861116,0.452370335110634
23.2,7,0.74360729975526,0.452032999616555
23.3,7,0.741008179117562,0.451537714775283
23.4,7,0.738581790888951,0.450882930424647
23.5,7,0.736324215635418,0.450068123468427
23.6,7,0.734230089070096,0.449093938549233
23.7,7,0.732292663229117,0.447962205829811
23.8,7,0.730503779598098,0.446675923053971
23.9,7,0.728853632473366,0.445239200451764
24,7,0.727329498525395,0.443657008599958
24.1,7,0.725914467783408,0.441935138405815
24.2,7,0.724606431959973,0.440084397195576
24.3,7,0.723399359271891,0.438116236890642
24.4,7,0.722284612157971,0.436042683113757
24.5,7,0.721252321139726,0.433876472429338
24.6,7,0.720291728787583,0.431631006343753
24.7,7,0.719391291235188,0.42932031411929
24.8,7,0.718538581360888,0.426959111021549
24.9,7,0.717719773547917,0.424563145582773
25,7,0.716917053738052,0.422151048966598
25.1,7,0.71610603898283,0.419746676749206
25.2,7,0.715293813977769,0.417353121779745
25.3,7,0.71448110273448,0.41497890920157
25.4,7,0.713664838165237,0.412635373952234
25.5,7,0.712840800593151,0.410334667251898
25.6,7,0.712004194307821,0.408089305494973
25.7,7,0.711149795718445,0.405912064649931
25.8,7,0.710271852290591,0.40381613077316
25.9,7,0.709363560436201,0.401815780843459
26,7,0.70841453530572,0.39992972593668
26.1,7,0.707408284913102,0.398184989782403
26.2,7,0.706358936220268,0.396569920518784
26.3,7,0.705274689888284,0.395081626302246
26.4,7,0.704160277663716,0.393721823157335
26.5,7,0.703019486039084,0.392493401189965
26.6,7,0.701855693230223,0.39139968799628
26.7,7,0.700672013884586,0.390444254565253
26.8,7,0.699471269931484,0.389631008826794
26.9,7,0.698255770891849,0.388964752388467
27,7,0.69702632911359,0.388453959586108
27.1,7,0.695781276275019,0.388113990364004
27.2,7,0.694530226456971,0.387927772155752
27.3,7,0.693280347172237,0.387885153692018
27.4,7,0.692037265833016,0.38797958405253
27.5,7,0.69080600489969,0.388205260207735
27.6,7,0.689591169375027,0.388556490298843
27.7,7,0.688396988017192,0.389027475454576
27.8,7,0.687227312616317,0.389612244261735
27.9,7,0.686085651924171,0.39030469793792
28,7,0.684975547708833,0.391099011386201
28.1,7,0.683900953579153,0.391990168773106
28.2,7,0.682859657761544,0.392968039734954
28.3,7,0.681849751416283,0.394023203381612
28.4,7,0.680869183002762,0.395146356409995
28.5,7,0.679915305646888,0.396327842922355
28.6,7,0.678984766744722,0.39755751932317
28.7,7,0.678073440658571,0.39882465818684
28.8,7,0.677176347898245,0.40011778266455
28.9,7,0.676287522191126,0.401424193248808
29,7,0.675399643658628,0.402727736741116
29.1,7,0.674503680971498,0.40400630311564
29.2,7,0.673593081055099,0.405263669657579
29.3,7,0.672659515223607,0.406497895948684
29.4,7,0.671693152598705,0.407703718722531
29.5,7,0.670682944327722,0.408874758137051
29.6,7,0.669616657493938,0.410003969098176
29.7,7,0.668480798906484,0.411083734939746
29.8,7,0.667260354081238,0.41210572754764
29.9,7,0.665938023393455,0.413060269856621
30,7,0.664490843648416,0.413933103870677
1,8,0.999996946541015,0.0380431491116752
1.1,8,0.999996796522436,0.0413782798960519
1.2,8,0.999996639004887,0.0450458911663477
1.3,8,0.999996473460168,0.0490687867988438
1.4,8,0.999996299403007,0.0534740188894133
1.5,8,0.999996116353445,0.0582909023698913
1.6,8,0.99999592383146,0.0635505961711666
1.7,8,0.999995721359765,0.0692860032583196
1.8,8,0.999995508474067,0.0755319011230404
1.9,8,0.999995284748829,0.0823255500637531
2,8,0.999995049894264,0.089709581993123
2.1,8,0.999994803878619,0.0977360789368917
2.2,8,0.999994545688489,0.106426227331418
2.3,8,0.999994274445115,0.115802256602188
2.4,8,0.999993989355959,0.125885858808901
2.5,8,0.999993689643042,0.136695168135091
2.6,8,0.999993374532026,0.148243368727295
2.7,8,0.999993043256377,0.160537565147038
2.8,8,0.99999269507499,0.173577740243822
2.9,8,0.999992329317686,0.187355750568092
3,8,0.999991945559548,0.201854252685373
3.1,8,0.999991543840989,0.217046100990359
3.2,8,0.999991122420885,0.232897592429329
3.3,8,0.999990679795653,0.249364968483201
3.4,8,0.999990214609916,0.266393586928651
3.5,8,0.999989725524611,0.283917658416739
3.6,8,0.999989211194506,0.301859976907597
3.7,8,0.999988670271939,0.320131685557322
3.8,8,0.999988101432665,0.33863191800201
3.9,8,0.999987503446209,0.357246674698397
4,8,0.999986875450545,0.375842776058916
4.1,8,0.999986217299726,0.394262329010769
4.2,8,0.999985526001417,0.412423523983058
4.3,8,0.99998479891247,0.430234298259517
4.4,8,0.999984033594725,0.44759520285427
4.5,8,0.999983227602658,0.464405882283872
4.6,8,0.999982378443622,0.480567079906186
4.7,8,0.999981483578452,0.495981617977116
4.8,8,0.999980540454529,0.510554589007458
4.9,8,0.999979546601968,0.52419198475292
5,8,0.999978500015733,0.536791861381678
5.1,8,0.999977399642146,0.548237676129541
5.2,8,0.999976240408954,0.558543899846316
5.3,8,0.999975017669528,0.567718836494456
5.4,8,0.999973726999336,0.575768060899961
5.5,8,0.999972363895203,0.582702287270742
5.6,8,0.999970923714023,0.588538298040478
5.7,8,0.999969401666895,0.593298438769003
5.8,8,0.999967792857412,0.597009370339175
5.9,8,0.999966092404842,0.599699811710487
6,8,0.999964295949134,0.601393792760327
6.1,8,0.999962400300452,0.602106873035518
6.2,8,0.999960396814692,0.60193638742308
6.3,8,0.999958277278177,0.600969602884624
6.4,8,0.99995603362999,0.599285325139805
6.5,8,0.99995365754919,0.59695870789812
6.6,8,0.999951140357418,0.594061749471444
6.7,8,0.99994847299337,0.590663025066853
6.8,8,0.999945646045145,0.586827141577937
6.9,8,0.999942649897349,0.582613927683432
7,8,0.999939475403232,0.578076394491929
7.1,8,0.999936114762593,0.573260210737829
7.2,8,0.999932552348726,0.568231374429019
7.3,8,0.999928772742578,0.563047717788152
7.4,8,0.999924760311074,0.5577594920552
7.5,8,0.999920498585464,0.552411291708219
7.6,8,0.999915970064004,0.54704267261496
7.7,8,0.999911156103626,0.541688487496472
7.8,8,0.999906036879677,0.536379050400487
7.9,8,0.999900591487727,0.531140068477759
8,8,0.999894798728628,0.525991619375708
8.1,8,0.999888638168146,0.520946893639919
8.2,8,0.999882077903639,0.516028848161004
8.3,8,0.999875084936779,0.511253769230968
8.4,8,0.999867624453778,0.506633261632315
8.5,8,0.999859658807405,0.502175836102069
8.6,8,0.99985114702669,0.497887484057024
8.7,8,0.999842044408467,0.493771970322683
8.8,8,0.999832302149441,0.489830870527599
8.9,8,0.999821867073917,0.486063110810893
9,8,0.999810681920821,0.482462171588225
9.1,8,0.999798685844089,0.479011965087945
9.2,8,0.999785803271712,0.475725212657385
9.3,8,0.999771952237234,0.472604874240829
9.4,8,0.999757043094877,0.469648946168255
9.5,8,0.999740976869302,0.46685365373612
9.6,8,0.999723643958595,0.464214248313154
9.7,8,0.999704922794525,0.461725266159828
9.8,8,0.999684678392037,0.459380419730918
9.9,8,0.999662760730332,0.457171814871602
10,8,0.999639002755289,0.455085933365514
10.1,8,0.999613218067807,0.453097779987278
10.2,8,0.99958520262957,0.451224262707897
10.3,8,0.999554729031246,0.449470511854209
10.4,8,0.999521543851829,0.447836175877017
10.5,8,0.9994853647627,0.446319649877364
10.6,8,0.999445877108746,0.444919031822334
10.7,8,0.999402730118516,0.443632406290231
10.8,8,0.999355532759118,0.442457768287641
10.9,8,0.999303849174043,0.441392404712407
11,8,0.999247193275685,0.440429786240323
11.1,8,0.999185022624514,0.439554666305772
11.2,8,0.999116741248488,0.438782935507079
11.3,8,0.999041686345543,0.438121664542484
11.4,8,0.998959121733244,0.437574156057166
11.5,8,0.998868231028161,0.437143126811183
11.6,8,0.998768110178125,0.436831408424595
11.7,8,0.998657760093185,0.436642166186546
11.8,8,0.998536080273506,0.436578924943302
11.9,8,0.998401865641247,0.436645432226643
12,8,0.99825381844228,0.436844971142124
12.1,8,0.998090570400032,0.437178440672198
12.2,8,0.997910427772821,0.437650340801059
12.3,8,0.997711565869863,0.438262755097885
12.4,8,0.997492015670175,0.43901723347088
12.5,8,0.997249644669962,0.439915454644078
12.6,8,0.996982151937479,0.440959362953173
12.7,8,0.996687071796202,0.442151214624628
12.8,8,0.996361791390323,0.44349363732377
12.9,8,0.996003599518429,0.444989859790268
13,8,0.995609865154809,0.446644990256634
13.1,8,0.995178308173813,0.448466999038263
13.2,8,0.994704961682892,0.450446168441138
13.3,8,0.994185862580289,0.452575319315112
13.4,8,0.993617036907303,0.454848789902315
13.5,8,0.992994431782816,0.457261057407125
13.6,8,0.992313954282614,0.45980639786758
13.7,8,0.991571557483665,0.462478733510211
13.8,8,0.990763389970033,0.465271566356812
13.9,8,0.989886082918914,0.468178075819479
14,8,0.988937622169645,0.4711921020962
14.1,8,0.987918596932714,0.474309831914818
14.2,8,0.986822750375814,0.477515353025721
14.3,8,0.985644936513796,0.480794747728025
14.4,8,0.984381032238689,0.484134334871752
14.5,8,0.983027575318685,0.487519512608037
14.6,8,0.98158185079648,0.490934447418858
14.7,8,0.980042116926605,0.494361867338637
14.8,8,0.978407990588311,0.497782795507486
14.9,8,0.976681190399697,0.501176034117219
15,8,0.974867931834961,0.504516339389497
15.1,8,0.972982146176057,0.507774009495049
15.2,8,0.971017151907229,0.510943363087997
15.3,8,0.968969971676995,0.514014734838034
15.4,8,0.966840668529277,0.516974623722221
15.5,8,0.964630922302825,0.519807350510915
15.6,8,0.962343906193883,0.52249539440337
15.7,8,0.959984475203228,0.525019376637287
15.8,8,0.957559636878853,0.527357689304626
15.9,8,0.955079641145734,0.529485315193887
16,8,0.952562063824665,0.531368563836385
16.1,8,0.950036887918486,0.532961509239256
16.2,8,0.947493169836967,0.534286430177663
16.3,8,0.944926665847721,0.53535410121063
16.4,8,0.942337906217591,0.536167112529457
16.5,8,0.939729155253748,0.5367250652626
16.6,8,0.937103899286527,0.537025690165694
16.7,8,0.934466880558528,0.53706507653805
16.8,8,0.931824518618354,0.536837313347373
16.9,8,0.929186071003633,0.536333065140577
17,8,0.926568302347785,0.535533007457663
17.1,8,0.924000876626034,0.534402754789188
17.2,8,0.921463211768784,0.532991305393907
17.3,8,0.918943268500387,0.53133211250928
17.4,8,0.916434646487254,0.529448318366969
17.5,8,0.913932739689739,0.527359349321166
17.6,8,0.911434012280559,0.525082344925038
17.7,8,0.90893591407498,0.522632524985042
17.8,8,0.906437169610515,0.520022991474147
17.9,8,0.903938662117829,0.517263710991385
18,8,0.90144700377411,0.514356788154659
18.1,8,0.898978481587185,0.511292461280502
18.2,8,0.896510777353527,0.508118482630615
18.3,8,0.894028995266544,0.504869766754126
18.4,8,0.891523091648537,0.50157286888372
18.5,8,0.888984772155353,0.498250877111337
18.6,8,0.886406842506177,0.494924555706233
18.7,8,0.883783053815303,0.491612738959313
18.8,8,0.881108202038231,0.48833238950726
18.9,8,0.878378548344756,0.485098313001352
19,8,0.875593522607543,0.481921576169102
19.1,8,0.872757586493212,0.478807676750996
19.2,8,0.869857561643705,0.475778937673661
19.3,8,0.866884403223682,0.472851973269121
19.4,8,0.863831911323368,0.470039869065893
19.5,8,0.860695216505219,0.467353989670462
19.6,8,0.857470430200265,0.46480449137198
19.7,8,0.854154535850764,0.462400571610735
19.8,8,0.850745400450232,0.460150621579649
19.9,8,0.847241900215429,0.458062373418831
20,8,0.843644371315729,0.456143315079292
20.1,8,0.839955099488452,0.454400230843837
20.2,8,0.836172968524623,0.452831266867684
20.3,8,0.832298642845028,0.451434123388621
20.4,8,0.828334241946349,0.450206628770117
20.5,8,0.824282945274597,0.449146457804267
20.6,8,0.820148871240039,0.448251140539203
20.7,8,0.815937026333467,0.447518110518195
20.8,8,0.811653312731311,0.44694476206455
20.9,8,0.807304626101242,0.446528550207937
21,8,0.802899300703839,0.446267406488397
21.1,8,0.798447585142319,0.446159134154329
21.2,8,0.793955515792809,0.446192334537149
21.3,8,0.789430756903774,0.446355524096928
21.4,8,0.784882182962407,0.446637770329372
21.5,8,0.780319395521206,0.447028314135313
21.6,8,0.775752559627498,0.44751651164347
21.7,8,0.771192331756423,0.448091809879479
21.8,8,0.766649888015406,0.448743685548951
21.9,8,0.762137171973984,0.449461452706898
22,8,0.757668192610348,0.450233398629787
22.1,8,0.753260393257638,0.451045113579878
22.2,8,0.748915547805557,0.451889374237357
22.3,8,0.744638228598299,0.452756303220808
22.4,8,0.740434610724036,0.45363503570108
22.5,8,0.736311153877359,0.454514598736677
22.6,8,0.732274299431886,0.455384111269853
22.7,8,0.728330405939443,0.456232815491276
22.8,8,0.724485863452156,0.457049959396232
22.9,8,0.72074754100578,0.457824358473586
23,8,0.717124797402111,0.458542362281601
23.1,8,0.713631544693066,0.459185503156603
23.2,8,0.710257852426217,0.459758774204914
23.3,8,0.706997907524393,0.460262446816165
23.4,8,0.703848254015665,0.460694372864043
23.5,8,0.700805906788332,0.461051999574175
23.6,8,0.697867992813945,0.461332784848833
23.7,8,0.695031729534045,0.461534267027411
23.8,8,0.692294615829035,0.461653923395126
23.9,8,0.689654967901218,0.461688678401451
24,8,0.687114024937613,0.461632777407277
24.1,8,0.684678062159789,0.461475928273875
24.2,8,0.682329873300743,0.461233831800126
24.3,8,0.680057164819738,0.460917535857121
24.4,8,0.677850744251335,0.460535202271868
24.5,8,0.675702616493302,0.460094132898905
24.6,8,0.67360563443118,0.459601157482206
24.7,8,0.671553501681142,0.459062674820298
24.8,8,0.669541007400937,0.458484507176249
24.9,8,0.667564642774721,0.457871501403145
25,8,0.665624954071465,0.457226039221824
25.1,8,0.663728878656311,0.456547230375162
25.2,8,0.661858124272361,0.45585262957912
25.3,8,0.660000734345266,0.45515630011056
25.4,8,0.658149010228612,0.454469517883437
25.5,8,0.656297350543329,0.453802129800258
25.6,8,0.654441830424265,0.453162808217016
25.7,8,0.65258019887368,0.45255904936841
25.8,8,0.650712194867864,0.451997006459373
25.9,8,0.648840455311881,0.451481074440717
26,8,0.646974219356303,0.451012399011335
26.1,8,0.645133001276595,0.450588181766247
26.2,8,0.643295457397504,0.450223465296483
26.3,8,0.641450341787179,0.449929181273703
26.4,8,0.63959308043991,0.449712755653556
26.5,8,0.637722224586595,0.449579481017239
26.6,8,0.635838707622991,0.449532783227632
26.7,8,0.633945759791809,0.449574192505837
26.8,8,0.632049317736811,0.449703056248233
26.9,8,0.630159377407231,0.449915751249301
27,8,0.628295879196564,0.450202532664029
27.1,8,0.62649454014937,0.450544993927206
27.2,8,0.624723802014047,0.450960901714118
27.3,8,0.622967531484458,0.451459327757107
27.4,8,0.621219416001077,0.452043037363398
27.5,8,0.619477177505148,0.452711496721975
27.6,8,0.617741314073189,0.453461483884248
27.7,8,0.616014846250184,0.454287110164628
27.8,8,0.614303735947151,0.455179358660026
27.9,8,0.612618506237104,0.456124657190469
28,8,0.610981565266438,0.457098768632722
28.1,8,0.609434452230723,0.458060879892539
28.2,8,0.60793339276699,0.459039832039344
28.3,8,0.60645336666013,0.460048231113081
28.4,8,0.604981018319474,0.461088056962246
28.5,8,0.603507360365454,0.462156606405819
28.6,8,0.602026156467399,0.463247750701257
28.7,8,0.600533511536382,0.464352137679646
28.8,8,0.599028169945858,0.465456649799199
28.9,8,0.597512930622111,0.466542460584726
29,8,0.596001171600773,0.467576313127653
29.1,8,0.59452330350031,0.468501559713778
29.2,8,0.593033567725355,0.469361542336977
29.3,8,0.591502948099956,0.470176800940072
29.4,8,0.589912803227391,0.470953727018628
29.5,8,0.588248323912269,0.471693187780193
29.6,8,0.586497053384008,0.472392402544706
29.7,8,0.58464845557023,0.473045376697091
29.8,8,0.582694022892102,0.473642445960834
29.9,8,0.580628076755199,0.474168297748149
30,8,0.578451452413437,0.47459277469982
